No,GPS_PCTime,LAT,LNG,DoseRate_0
0,2/12/2014 8:28,34.00996,-118.3901967,0.016479186
1,2/12/2014 8:28,34.00995334,-118.3901917,0.077622631
2,2/12/2014 8:28,34.00994667,-118.3901901,0.048484673
3,2/12/2014 8:28,34.00994167,-118.3901834,0.058146277
4,2/12/2014 8:28,34.00993834,-118.3901801,0.041789813
5,2/12/2014 8:28,34.00993834,-118.3901751,0.093773232
6,2/12/2014 8:28,34.00993334,-118.3901734,0.052882011
7,2/12/2014 8:28,34.00993334,-118.3901701,0.026741845
8,2/12/2014 8:28,34.00992834,-118.3901684,0.042285016
9,2/12/2014 8:28,34.00993167,-118.3901667,0.030214475
10,2/12/2014 8:28,34.00993167,-118.3901651,0.076078192
11,2/12/2014 8:28,34.00993,-118.3901651,0.047694617
12,2/12/2014 8:28,34.00993334,-118.3901584,0.033926075
13,2/12/2014 8:28,34.00993,-118.3901584,0.037657236
14,2/12/2014 8:28,34.00992834,-118.3901601,0.070031472
15,2/12/2014 8:28,34.00992667,-118.3901584,0.052854254
16,2/12/2014 8:28,34.00991834,-118.3901584,0.07996912
17,2/12/2014 8:28,34.00991167,-118.3901551,0.042593257
18,2/12/2014 8:28,34.00990667,-118.3901551,0.04019567
19,2/12/2014 8:28,34.00990167,-118.3901517,0.053279396
20,2/12/2014 8:28,34.00990167,-118.3901517,0.060582333
21,2/12/2014 8:28,34.00990167,-118.3901517,0.067408915
22,2/12/2014 8:28,34.00990167,-118.3901517,0.088762596
23,2/12/2014 8:28,34.0099,-118.3901517,0.082261976
24,2/12/2014 8:28,34.0099,-118.3901484,0.048561846
25,2/12/2014 8:28,34.0099,-118.3901484,0.064535001
26,2/12/2014 8:28,34.0099,-118.3901484,0.064391565
27,2/12/2014 8:28,34.0099,-118.3901484,0.053922293
28,2/12/2014 8:28,34.00989834,-118.3901484,0.047544431
29,2/12/2014 8:28,34.00989167,-118.3901467,0.052697999
30,2/12/2014 8:28,34.009885,-118.3901451,0.049189914
31,2/12/2014 8:28,34.00987667,-118.3901367,0.055590815
32,2/12/2014 8:28,34.00988,-118.3901367,0.055029084
33,2/12/2014 8:28,34.00988167,-118.3901351,0.057635471
34,2/12/2014 8:28,34.00987834,-118.3901334,0.027491033
35,2/12/2014 8:28,34.00987667,-118.3901317,0.06168216
36,2/12/2014 8:28,34.00987334,-118.3901334,0.053634312
37,2/12/2014 8:28,34.00987334,-118.3901284,0.037001415
38,2/12/2014 8:28,34.00987,-118.3901284,0.059365135
39,2/12/2014 8:28,34.00987167,-118.3901284,0.062957322
40,2/12/2014 8:28,34.00987,-118.3901301,0.047116081
41,2/12/2014 8:28,34.00986667,-118.3901317,0.041802762
42,2/12/2014 8:28,34.00986667,-118.3901317,0.059595605
43,2/12/2014 8:28,34.00986167,-118.3901284,0.047633245
44,2/12/2014 8:28,34.00986,-118.3901267,0.054416672
45,2/12/2014 8:28,34.00985667,-118.3901251,0.04069778
46,2/12/2014 8:28,34.00985167,-118.3901251,0.054660201
47,2/12/2014 8:28,34.009855,-118.3901251,0.049369209
48,2/12/2014 8:28,34.009855,-118.3901267,0.037372583
49,2/12/2014 8:28,34.009855,-118.3901251,0.046002886
50,2/12/2014 8:29,34.009855,-118.3901217,0.04753172
51,2/12/2014 8:29,34.00985334,-118.3901167,0.032700217
52,2/12/2014 8:29,34.00985,-118.3901117,0.074281979
53,2/12/2014 8:29,34.00985334,-118.3901101,0.04017628
54,2/12/2014 8:29,34.00985334,-118.3901084,0.057815863
55,2/12/2014 8:29,34.00985334,-118.3901034,0.082305342
56,2/12/2014 8:29,34.00985667,-118.3901034,0.038914417
57,2/12/2014 8:29,34.00985834,-118.3901017,0.051551422
58,2/12/2014 8:29,34.00985834,-118.3901001,0.033139553
59,2/12/2014 8:29,34.00985834,-118.3901017,0.061217188
60,2/12/2014 8:29,34.00986167,-118.3901001,0.091161556
61,2/12/2014 8:29,34.00986334,-118.3901001,0.058563803
62,2/12/2014 8:29,34.009865,-118.3901001,0.038491153
63,2/12/2014 8:29,34.009865,-118.3901001,0.075697495
64,2/12/2014 8:29,34.009865,-118.3901034,0.039351686
65,2/12/2014 8:29,34.00986667,-118.3901034,0.037522318
66,2/12/2014 8:29,34.009875,-118.3901017,0.059923731
67,2/12/2014 8:29,34.00988167,-118.3901034,0.057762828
68,2/12/2014 8:29,34.00988334,-118.3901017,0.050933065
69,2/12/2014 8:29,34.00988167,-118.3901001,0.04145133
70,2/12/2014 8:29,34.00988,-118.3900984,0.068227356
71,2/12/2014 8:29,34.00987834,-118.3900984,0.082440041
72,2/12/2014 8:29,34.00988,-118.3901001,0.082834599
73,2/12/2014 8:29,34.009875,-118.3900984,0.068278154
74,2/12/2014 8:29,34.00987,-118.3901034,0.05053738
75,2/12/2014 8:29,34.00986667,-118.3901034,0.056288353
76,2/12/2014 8:29,34.00985167,-118.3901034,0.033487954
77,2/12/2014 8:29,34.00984167,-118.3901051,0.079265958
78,2/12/2014 8:29,34.00982667,-118.3901167,0.042293268
79,2/12/2014 8:29,34.00982167,-118.3901284,0.066230967
80,2/12/2014 8:29,34.00981334,-118.3901417,0.035234212
81,2/12/2014 8:29,34.00980334,-118.3901484,0.062920404
82,2/12/2014 8:29,34.009775,-118.3901267,0.077818069
83,2/12/2014 8:29,34.009765,-118.3901167,0.048484927
84,2/12/2014 8:29,34.00975667,-118.3901051,0.071975434
85,2/12/2014 8:29,34.00974834,-118.3900984,0.067333628
86,2/12/2014 8:29,34.009745,-118.3900851,0.068428546
87,2/12/2014 8:29,34.00974667,-118.3900451,0.077373567
88,2/12/2014 8:29,34.00974167,-118.3900184,0.064298924
89,2/12/2014 8:29,34.00974,-118.3899951,0.029869016
90,2/12/2014 8:29,34.00973834,-118.3899651,0.046720006
91,2/12/2014 8:29,34.00974667,-118.3899451,0.044196099
92,2/12/2014 8:29,34.00975167,-118.3899434,0.051726884
93,2/12/2014 8:29,34.00976834,-118.3899267,0.052913364
94,2/12/2014 8:29,34.00978167,-118.3899151,0.057550414
95,2/12/2014 8:29,34.00979167,-118.3898984,0.07476064
96,2/12/2014 8:29,34.00980667,-118.3898734,0.076236531
97,2/12/2014 8:29,34.00982334,-118.3898551,0.063114093
98,2/12/2014 8:29,34.00984667,-118.3898351,0.066603636
99,2/12/2014 8:29,34.00987334,-118.3898284,0.062719868
100,2/12/2014 8:29,34.009895,-118.3898451,0.035194273
101,2/12/2014 8:29,34.009925,-118.3898967,0.053297955
102,2/12/2014 8:29,34.00994334,-118.3899467,0.057822674
103,2/12/2014 8:29,34.00995334,-118.3899901,0.116271985
104,2/12/2014 8:29,34.00996167,-118.3900184,0.068203797
105,2/12/2014 8:30,34.00998167,-118.3900267,0.043469039
106,2/12/2014 8:30,34.00998834,-118.3900334,0.049533198
107,2/12/2014 8:30,34.009995,-118.3900401,0.070674396
108,2/12/2014 8:30,34.00999667,-118.3900517,0.051980375
109,2/12/2014 8:30,34.01,-118.3900584,0.039787143
110,2/12/2014 8:30,34.01000167,-118.3900634,0.043307199
111,2/12/2014 8:30,34.01,-118.3900701,0.073905791
112,2/12/2014 8:30,34.01000167,-118.3900784,0.046555153
113,2/12/2014 8:30,34.00999667,-118.3900934,0.046397995
114,2/12/2014 8:30,34.00999667,-118.3900951,0.093204085
115,2/12/2014 8:30,34.00999667,-118.3900951,0.074926352
116,2/12/2014 8:30,34.00999667,-118.3900967,0.059653094
117,2/12/2014 8:30,34.00999667,-118.3900967,0.053560359
118,2/12/2014 8:30,34.00999667,-118.3900984,0.103441526
119,2/12/2014 8:30,34.01001334,-118.3901117,0.074528051
120,2/12/2014 8:30,34.01003,-118.3901451,0.05354295
121,2/12/2014 8:30,34.01005,-118.3902034,0.04266185
122,2/12/2014 8:30,34.01007667,-118.3902701,0.067287314
123,2/12/2014 8:30,34.010115,-118.3903451,0.067608976
124,2/12/2014 8:30,34.01012334,-118.3904201,0.041471402
125,2/12/2014 8:30,34.01010667,-118.3904917,0.053631528
126,2/12/2014 8:30,34.010065,-118.3905651,0.048712983
127,2/12/2014 8:30,34.010005,-118.3906334,0.053205938
128,2/12/2014 8:30,34.009925,-118.3906917,0.0632312
129,2/12/2014 8:30,34.009825,-118.3907551,0.048169046
130,2/12/2014 8:30,34.00971167,-118.3908167,0.079107231
131,2/12/2014 8:30,34.009595,-118.3908784,0.081348104
132,2/12/2014 8:30,34.00947334,-118.3909434,0.037805937
133,2/12/2014 8:30,34.00934167,-118.3910001,0.056735725
134,2/12/2014 8:30,34.00921334,-118.3910634,0.053928631
135,2/12/2014 8:30,34.00908167,-118.3911234,0.04915174
136,2/12/2014 8:30,34.00894834,-118.3911851,0.057259472
137,2/12/2014 8:30,34.00880834,-118.3912501,0.056714575
138,2/12/2014 8:30,34.008675,-118.3913167,0.095861506
139,2/12/2014 8:30,34.00854167,-118.3913884,0.086176212
140,2/12/2014 8:30,34.00840834,-118.3914651,0.038427745
141,2/12/2014 8:30,34.008265,-118.3915401,0.065589452
142,2/12/2014 8:30,34.008125,-118.3916117,0.093140636
143,2/12/2014 8:30,34.00798333,-118.3916917,0.08325697
144,2/12/2014 8:30,34.00783333,-118.3917701,0.092020166
145,2/12/2014 8:30,34.00769,-118.3918451,0.056894696
146,2/12/2014 8:30,34.00754667,-118.3919167,0.064516932
147,2/12/2014 8:30,34.007405,-118.3919901,0.097656414
148,2/12/2014 8:30,34.00726667,-118.3920684,0.095972163
149,2/12/2014 8:30,34.00711833,-118.3921384,0.046561927
150,2/12/2014 8:30,34.00696333,-118.3922184,0.079568625
151,2/12/2014 8:30,34.00680833,-118.3922984,0.079778022
152,2/12/2014 8:30,34.00666,-118.3923734,0.053865179
153,2/12/2014 8:30,34.00650667,-118.3924434,0.047845245
154,2/12/2014 8:30,34.00635167,-118.3925167,0.068741917
155,2/12/2014 8:30,34.00620667,-118.3925951,0.077901967
156,2/12/2014 8:30,34.00607,-118.3926634,0.07963645
157,2/12/2014 8:30,34.00594,-118.3927434,0.113859376
158,2/12/2014 8:30,34.00580833,-118.3928167,0.052439745
159,2/12/2014 8:30,34.00568833,-118.3928884,0.058809099
160,2/12/2014 8:30,34.00558,-118.3929467,0.050593253
161,2/12/2014 8:30,34.00548333,-118.3929934,0.055900935
162,2/12/2014 8:30,34.0054,-118.3930417,0.053734471
163,2/12/2014 8:30,34.00532,-118.3930851,0.087912368
164,2/12/2014 8:30,34.00523833,-118.3931267,0.073672986
165,2/12/2014 8:31,34.00515333,-118.3931701,0.064181036
166,2/12/2014 8:31,34.00507833,-118.3932067,0.046790686
167,2/12/2014 8:31,34.00501833,-118.3932384,0.038698262
168,2/12/2014 8:31,34.00498833,-118.3932684,0.045141049
169,2/12/2014 8:31,34.00494667,-118.3932917,0.041310254
170,2/12/2014 8:31,34.004905,-118.3933134,0.060059139
171,2/12/2014 8:31,34.00486667,-118.3933301,0.052526037
172,2/12/2014 8:31,34.00482167,-118.3933517,0.043589873
173,2/12/2014 8:31,34.004785,-118.3933734,0.057553823
174,2/12/2014 8:31,34.004745,-118.3933934,0.057068826
175,2/12/2014 8:31,34.004715,-118.3934067,0.050387406
176,2/12/2014 8:31,34.00469,-118.3934251,0.035479746
177,2/12/2014 8:31,34.00467167,-118.3934334,0.034058687
178,2/12/2014 8:31,34.00465333,-118.3934434,0.035247084
179,2/12/2014 8:31,34.00463333,-118.3934551,0.03064577
180,2/12/2014 8:31,34.00460833,-118.3934584,0.043478819
181,2/12/2014 8:31,34.00459333,-118.3934667,0.050691294
182,2/12/2014 8:31,34.00458833,-118.3934684,0.053883625
183,2/12/2014 8:31,34.00458333,-118.3934651,0.043981958
184,2/12/2014 8:31,34.004575,-118.3934701,0.05968262
185,2/12/2014 8:31,34.004555,-118.3934767,0.042309665
186,2/12/2014 8:31,34.004535,-118.3934851,0.047893167
187,2/12/2014 8:31,34.00452333,-118.3934951,0.052142417
188,2/12/2014 8:31,34.00451167,-118.3934867,0.039705296
189,2/12/2014 8:31,34.00450333,-118.3934867,0.049721418
190,2/12/2014 8:31,34.004495,-118.3934784,0.037919521
191,2/12/2014 8:31,34.00449833,-118.3934784,0.058854265
192,2/12/2014 8:31,34.00449667,-118.3934784,0.101671734
193,2/12/2014 8:31,34.00449333,-118.3934801,0.059813214
194,2/12/2014 8:31,34.00448833,-118.3934884,0.053054409
195,2/12/2014 8:31,34.00448667,-118.3935201,0.031400847
196,2/12/2014 8:31,34.00449667,-118.3935717,0.035658718
197,2/12/2014 8:31,34.00452167,-118.3936384,0.046471276
198,2/12/2014 8:31,34.00455667,-118.3937117,0.070374962
199,2/12/2014 8:31,34.004615,-118.3937851,0.025444
200,2/12/2014 8:31,34.00468833,-118.3938584,0.071511424
201,2/12/2014 8:31,34.00477,-118.3939401,0.072780171
202,2/12/2014 8:31,34.004865,-118.3940317,0.038239239
203,2/12/2014 8:31,34.00496167,-118.3941201,0.039363423
204,2/12/2014 8:31,34.00507,-118.3942167,0.043522901
205,2/12/2014 8:31,34.00518167,-118.3943201,0.059490038
206,2/12/2014 8:31,34.00529833,-118.3944301,0.057139226
207,2/12/2014 8:31,34.00542333,-118.3945484,0.035318338
208,2/12/2014 8:31,34.005535,-118.3946634,0.055812222
209,2/12/2014 8:31,34.00565833,-118.3947767,0.043487711
210,2/12/2014 8:31,34.00578333,-118.3948834,0.06951308
211,2/12/2014 8:31,34.005895,-118.3949784,0.055024078
212,2/12/2014 8:31,34.006005,-118.3950667,0.064008909
213,2/12/2014 8:31,34.00611167,-118.3951517,0.061315151
214,2/12/2014 8:31,34.006225,-118.3952467,0.04166904
215,2/12/2014 8:31,34.00633833,-118.3953467,0.094226823
216,2/12/2014 8:31,34.00645333,-118.3954501,0.034111787
217,2/12/2014 8:31,34.00657333,-118.3955617,0.030781864
218,2/12/2014 8:31,34.006695,-118.3956617,0.060614947
219,2/12/2014 8:31,34.00681333,-118.3957601,0.039878787
220,2/12/2014 8:31,34.00692833,-118.3958501,0.036101162
221,2/12/2014 8:31,34.00703833,-118.3959401,0.059444674
222,2/12/2014 8:31,34.00714667,-118.3960384,0.075585916
223,2/12/2014 8:31,34.00726333,-118.3961284,0.056150327
224,2/12/2014 8:31,34.00737833,-118.3962167,0.100611179
225,2/12/2014 8:32,34.00749167,-118.3963101,0.023038819
226,2/12/2014 8:32,34.007595,-118.3964101,0.0846956
227,2/12/2014 8:32,34.007705,-118.3965101,0.047770691
228,2/12/2014 8:32,34.00782,-118.3966217,0.064353386
229,2/12/2014 8:32,34.00794833,-118.3967367,0.058213177
230,2/12/2014 8:32,34.00806,-118.3968467,0.052069609
231,2/12/2014 8:32,34.00818,-118.3969717,0.057729897
232,2/12/2014 8:32,34.00830667,-118.3970867,0.043907939
233,2/12/2014 8:32,34.008435,-118.3971951,0.123370502
234,2/12/2014 8:32,34.00855834,-118.3973034,0.062700089
235,2/12/2014 8:32,34.00866834,-118.3974267,0.060725757
236,2/12/2014 8:32,34.00877834,-118.3975401,0.066580112
237,2/12/2014 8:32,34.00888834,-118.3976534,0.042904093
238,2/12/2014 8:32,34.00899667,-118.3977417,0.063076128
239,2/12/2014 8:32,34.009105,-118.3978467,0.028279344
240,2/12/2014 8:32,34.00921334,-118.3979501,0.06532766
241,2/12/2014 8:32,34.00932167,-118.3980501,0.062156997
242,2/12/2014 8:32,34.00943334,-118.3981517,0.065476209
243,2/12/2014 8:32,34.009535,-118.3982434,0.056610794
244,2/12/2014 8:32,34.00962,-118.3983134,0.060030167
245,2/12/2014 8:32,34.00966834,-118.3983684,0.055101219
246,2/12/2014 8:32,34.00970167,-118.3984034,0.050709922
247,2/12/2014 8:32,34.00973167,-118.3984301,0.060794562
248,2/12/2014 8:32,34.00973834,-118.3984434,0.059763826
249,2/12/2014 8:32,34.00974334,-118.3984667,0.083327773
250,2/12/2014 8:32,34.009755,-118.3984717,0.057112077
251,2/12/2014 8:32,34.00977334,-118.3984834,0.045335527
252,2/12/2014 8:32,34.0098,-118.3985167,0.078864669
253,2/12/2014 8:32,34.00984,-118.3985651,0.056472706
254,2/12/2014 8:32,34.00988667,-118.3986134,0.049864032
255,2/12/2014 8:32,34.00994667,-118.3986717,0.060309383
256,2/12/2014 8:32,34.01000834,-118.3987267,0.021142903
257,2/12/2014 8:32,34.01007667,-118.3987851,0.06041258
258,2/12/2014 8:32,34.01015,-118.3988517,0.063295615
259,2/12/2014 8:32,34.010225,-118.3989234,0.035206179
260,2/12/2014 8:32,34.01030334,-118.3990034,0.043491718
261,2/12/2014 8:32,34.01038334,-118.3990901,0.039542379
262,2/12/2014 8:32,34.01046334,-118.3991734,0.057679776
263,2/12/2014 8:32,34.01054834,-118.3992534,0.037965217
264,2/12/2014 8:32,34.01062834,-118.3993367,0.041956131
265,2/12/2014 8:32,34.01071,-118.3994217,0.035840818
266,2/12/2014 8:32,34.010785,-118.3995067,0.051072906
267,2/12/2014 8:32,34.01087167,-118.3995884,0.068249743
268,2/12/2014 8:32,34.010955,-118.3996767,0.055967264
269,2/12/2014 8:32,34.01104167,-118.3997701,0.070624049
270,2/12/2014 8:32,34.01113834,-118.3998534,0.025182048
271,2/12/2014 8:32,34.01123167,-118.3999434,0.061433309
272,2/12/2014 8:32,34.01132834,-118.4000317,0.031486961
273,2/12/2014 8:32,34.01142334,-118.4001251,0.062817741
274,2/12/2014 8:32,34.01153167,-118.4002151,0.048311264
275,2/12/2014 8:32,34.01163334,-118.4003017,0.073888691
276,2/12/2014 8:32,34.01173,-118.4003934,0.071651482
277,2/12/2014 8:32,34.01184167,-118.4004901,0.043465915
278,2/12/2014 8:32,34.01193,-118.4005717,0.042196183
279,2/12/2014 8:32,34.01201834,-118.4006551,0.071262917
280,2/12/2014 8:32,34.012105,-118.4007351,0.076006464
281,2/12/2014 8:32,34.01219167,-118.4008184,0.056433639
282,2/12/2014 8:32,34.012275,-118.4008984,0.067426968
283,2/12/2014 8:32,34.01235334,-118.4009717,0.027762329
284,2/12/2014 8:32,34.01242834,-118.4010467,0.043610266
285,2/12/2014 8:33,34.01250667,-118.4011184,0.076478475
286,2/12/2014 8:33,34.01258334,-118.4011867,0.053259775
287,2/12/2014 8:33,34.01265834,-118.4012634,0.03153373
288,2/12/2014 8:33,34.01273167,-118.4013301,0.08234548
289,2/12/2014 8:33,34.01279834,-118.4014001,0.076500486
290,2/12/2014 8:33,34.012865,-118.4014684,0.060302532
291,2/12/2014 8:33,34.01293,-118.4015317,0.05808441
292,2/12/2014 8:33,34.01299834,-118.4015984,0.054194141
293,2/12/2014 8:33,34.01306667,-118.4016667,0.055394984
294,2/12/2014 8:33,34.01313667,-118.4017401,0.06697848
295,2/12/2014 8:33,34.01321,-118.4018151,0.049862684
296,2/12/2014 8:33,34.01328167,-118.4018934,0.065324676
297,2/12/2014 8:33,34.01335167,-118.4019667,0.061258555
298,2/12/2014 8:33,34.01341334,-118.4020351,0.05745895
299,2/12/2014 8:33,34.01347167,-118.4021001,0.072647774
300,2/12/2014 8:33,34.01352834,-118.4021634,0.063175285
301,2/12/2014 8:33,34.013575,-118.4022051,0.057765707
302,2/12/2014 8:33,34.01359334,-118.4022334,0.070127357
303,2/12/2014 8:33,34.01361167,-118.4022551,0.035712672
304,2/12/2014 8:33,34.013625,-118.4022634,0.061480034
305,2/12/2014 8:33,34.01362667,-118.4022601,0.048889977
306,2/12/2014 8:33,34.01362667,-118.4022551,0.027472619
307,2/12/2014 8:33,34.01362834,-118.4022534,0.082600862
308,2/12/2014 8:33,34.01362334,-118.4022484,0.036243669
309,2/12/2014 8:33,34.013625,-118.4022484,0.041113495
310,2/12/2014 8:33,34.013625,-118.4022484,0.050659945
311,2/12/2014 8:33,34.01362334,-118.4022484,0.044543617
312,2/12/2014 8:33,34.01362334,-118.4022467,0.03507314
313,2/12/2014 8:33,34.01362334,-118.4022467,0.053401263
314,2/12/2014 8:33,34.01362334,-118.4022467,0.059465082
315,2/12/2014 8:33,34.01362334,-118.4022467,0.04811955
316,2/12/2014 8:33,34.01362334,-118.4022467,0.059067348
317,2/12/2014 8:33,34.01362167,-118.4022451,0.041674996
318,2/12/2014 8:33,34.01362167,-118.4022451,0.045752851
319,2/12/2014 8:33,34.01362334,-118.4022451,0.045420787
320,2/12/2014 8:33,34.01362167,-118.4022451,0.057907289
321,2/12/2014 8:33,34.01362334,-118.4022467,0.032440296
322,2/12/2014 8:33,34.01362334,-118.4022467,0.044938744
323,2/12/2014 8:33,34.01362334,-118.4022467,0.034391503
324,2/12/2014 8:33,34.01362334,-118.4022467,0.058202093
325,2/12/2014 8:33,34.01362334,-118.4022467,0.059772975
326,2/12/2014 8:33,34.01362334,-118.4022467,0.049188966
327,2/12/2014 8:33,34.01362334,-118.4022467,0.039832532
328,2/12/2014 8:33,34.013625,-118.4022484,0.043316743
329,2/12/2014 8:33,34.013625,-118.4022484,0.048352202
330,2/12/2014 8:33,34.013625,-118.4022484,0.055803579
331,2/12/2014 8:33,34.013625,-118.4022484,0.053963869
332,2/12/2014 8:33,34.013625,-118.4022484,0.039521258
333,2/12/2014 8:33,34.013625,-118.4022501,0.042164142
334,2/12/2014 8:33,34.01362667,-118.4022501,0.066331408
335,2/12/2014 8:33,34.01362834,-118.4022517,0.023962085
336,2/12/2014 8:33,34.01363167,-118.4022551,0.089890211
337,2/12/2014 8:33,34.01363334,-118.4022584,0.063797407
338,2/12/2014 8:33,34.013635,-118.4022584,0.051224409
339,2/12/2014 8:33,34.01363667,-118.4022601,0.049167057
340,2/12/2014 8:33,34.01363834,-118.4022634,0.051943975
341,2/12/2014 8:33,34.01364167,-118.4022684,0.035502654
342,2/12/2014 8:33,34.013645,-118.4022701,0.043871992
343,2/12/2014 8:33,34.01364667,-118.4022734,0.050001134
344,2/12/2014 8:33,34.01364834,-118.4022751,0.03377463
345,2/12/2014 8:34,34.01365,-118.4022784,0.061409485
346,2/12/2014 8:34,34.01365167,-118.4022801,0.065816613
347,2/12/2014 8:34,34.01365334,-118.4022817,0.051140048
348,2/12/2014 8:34,34.013655,-118.4022834,0.042305436
349,2/12/2014 8:34,34.01366,-118.4022884,0.058775616
350,2/12/2014 8:34,34.01369167,-118.4023217,0.044127025
351,2/12/2014 8:34,34.01373167,-118.4023784,0.041126946
352,2/12/2014 8:34,34.013765,-118.4024517,0.083437216
353,2/12/2014 8:34,34.01378834,-118.4025351,0.049363876
354,2/12/2014 8:34,34.01378167,-118.4026351,0.080505917
355,2/12/2014 8:34,34.01375,-118.4027334,0.036817703
356,2/12/2014 8:34,34.01368667,-118.4028167,0.072868327
357,2/12/2014 8:34,34.01361667,-118.4029101,0.046164021
358,2/12/2014 8:34,34.013535,-118.4030034,0.073683822
359,2/12/2014 8:34,34.01343667,-118.4030984,0.031360849
360,2/12/2014 8:34,34.01332667,-118.4032001,0.064364348
361,2/12/2014 8:34,34.013205,-118.4033101,0.074201531
362,2/12/2014 8:34,34.01307667,-118.4034284,0.06549935
363,2/12/2014 8:34,34.01294,-118.4035467,0.06620561
364,2/12/2014 8:34,34.01279667,-118.4036734,0.096447629
365,2/12/2014 8:34,34.01265,-118.4038017,0.040819988
366,2/12/2014 8:34,34.012495,-118.4039284,0.064325395
367,2/12/2014 8:34,34.01234334,-118.4040567,0.021707437
368,2/12/2014 8:34,34.01219834,-118.4041834,0.077236597
369,2/12/2014 8:34,34.01205167,-118.4043017,0.087460528
370,2/12/2014 8:34,34.01191,-118.4044151,0.042198252
371,2/12/2014 8:34,34.01177167,-118.4045301,0.056386708
372,2/12/2014 8:34,34.01163334,-118.4046451,0.077037934
373,2/12/2014 8:34,34.01150334,-118.4047567,0.059161969
374,2/12/2014 8:34,34.011375,-118.4048651,0.058182735
375,2/12/2014 8:34,34.01125167,-118.4049801,0.060329689
376,2/12/2014 8:34,34.01112667,-118.4050767,0.037063479
377,2/12/2014 8:34,34.01100167,-118.4051801,0.072777408
378,2/12/2014 8:34,34.01087,-118.4052834,0.048146558
379,2/12/2014 8:34,34.01074334,-118.4053901,0.069330407
380,2/12/2014 8:34,34.01061,-118.4054817,0.018926163
381,2/12/2014 8:34,34.01047167,-118.4055784,0.056363001
382,2/12/2014 8:34,34.01032834,-118.4056701,0.062848628
383,2/12/2014 8:34,34.01018167,-118.4057617,0.0457139
384,2/12/2014 8:34,34.01003167,-118.4058451,0.044271644
385,2/12/2014 8:34,34.009875,-118.4059301,0.062145334
386,2/12/2014 8:34,34.00971667,-118.4060184,0.043748722
387,2/12/2014 8:34,34.00955334,-118.4061067,0.06051596
388,2/12/2014 8:34,34.0094,-118.4062017,0.096052967
389,2/12/2014 8:34,34.00924667,-118.4063117,0.053064994
390,2/12/2014 8:34,34.00909667,-118.4064167,0.047722031
391,2/12/2014 8:34,34.00895,-118.4065234,0.047828701
392,2/12/2014 8:34,34.00881,-118.4066351,0.051713072
393,2/12/2014 8:34,34.00867,-118.4067467,0.04932601
394,2/12/2014 8:34,34.008525,-118.4068617,0.05941176
395,2/12/2014 8:34,34.00837834,-118.4069784,0.041490564
396,2/12/2014 8:34,34.00823,-118.4071034,0.06897532
397,2/12/2014 8:34,34.00808167,-118.4072251,0.07500432
398,2/12/2014 8:34,34.00792833,-118.4073467,0.080325801
399,2/12/2014 8:34,34.00777667,-118.4074701,0.0703721
400,2/12/2014 8:34,34.00762333,-118.4075867,0.073196304
401,2/12/2014 8:34,34.00747,-118.4077101,0.066847139
402,2/12/2014 8:34,34.00731833,-118.4078367,0.034340719
403,2/12/2014 8:34,34.00716667,-118.4079651,0.06844126
404,2/12/2014 8:34,34.00701667,-118.4080884,0.079842795
405,2/12/2014 8:35,34.00687333,-118.4082134,0.036613055
406,2/12/2014 8:35,34.006725,-118.4083334,0.053517447
407,2/12/2014 8:35,34.00658,-118.4084501,0.057826867
408,2/12/2014 8:35,34.00643333,-118.4085667,0.07404732
409,2/12/2014 8:35,34.00628333,-118.4086917,0.045965818
410,2/12/2014 8:35,34.00613333,-118.4088134,0.041387666
411,2/12/2014 8:35,34.00599167,-118.4089417,0.055025863
412,2/12/2014 8:35,34.00584,-118.4090651,0.051202377
413,2/12/2014 8:35,34.005695,-118.4091951,0.039393263
414,2/12/2014 8:35,34.00556167,-118.4093317,0.038181485
415,2/12/2014 8:35,34.00542333,-118.4094667,0.056511986
416,2/12/2014 8:35,34.005285,-118.4095951,0.035519301
417,2/12/2014 8:35,34.00514833,-118.4097184,0.064067466
418,2/12/2014 8:35,34.00501833,-118.4098367,0.056195317
419,2/12/2014 8:35,34.00489167,-118.4099534,0.053108032
420,2/12/2014 8:35,34.00476667,-118.4100617,0.053775992
421,2/12/2014 8:35,34.00464167,-118.4101717,0.052531608
422,2/12/2014 8:35,34.004515,-118.4102734,0.065480334
423,2/12/2014 8:35,34.004395,-118.4103784,0.052083518
424,2/12/2014 8:35,34.00427667,-118.4104801,0.047553526
425,2/12/2014 8:35,34.004175,-118.4105834,0.068678776
426,2/12/2014 8:35,34.00407667,-118.4106784,0.066558691
427,2/12/2014 8:35,34.00398167,-118.4107617,0.059118252
428,2/12/2014 8:35,34.00389167,-118.4108367,0.032384994
429,2/12/2014 8:35,34.003815,-118.4109001,0.064654081
430,2/12/2014 8:35,34.00374833,-118.4109551,0.054635045
431,2/12/2014 8:35,34.00370833,-118.4109967,0.066811237
432,2/12/2014 8:35,34.00367333,-118.4110334,0.036014523
433,2/12/2014 8:35,34.00364833,-118.4110634,0.059023796
434,2/12/2014 8:35,34.00363833,-118.4110834,0.07921415
435,2/12/2014 8:35,34.003645,-118.4111067,0.06810191
436,2/12/2014 8:35,34.00366167,-118.4111501,0.066898118
437,2/12/2014 8:35,34.00368667,-118.4111984,0.040458195
438,2/12/2014 8:35,34.00373333,-118.4112601,0.071078008
439,2/12/2014 8:35,34.00379667,-118.4113201,0.041648001
440,2/12/2014 8:35,34.00387,-118.4113767,0.069330105
441,2/12/2014 8:35,34.00395,-118.4114501,0.113726158
442,2/12/2014 8:35,34.00404167,-118.4115251,0.095832079
443,2/12/2014 8:35,34.00413167,-118.4116084,0.067466272
444,2/12/2014 8:35,34.00423167,-118.4117001,0.107250506
445,2/12/2014 8:35,34.00432833,-118.4117951,0.047015058
446,2/12/2014 8:35,34.00443167,-118.4118751,0.085942749
447,2/12/2014 8:35,34.00453167,-118.4119517,0.059976847
448,2/12/2014 8:35,34.00462833,-118.4120284,0.076023301
449,2/12/2014 8:35,34.00471667,-118.4120934,0.06733327
450,2/12/2014 8:35,34.00478667,-118.4121601,0.045307358
451,2/12/2014 8:35,34.004855,-118.4122117,0.06452588
452,2/12/2014 8:35,34.00491167,-118.4122517,0.115768505
453,2/12/2014 8:35,34.00495333,-118.4122851,0.084570601
454,2/12/2014 8:35,34.00498333,-118.4123151,0.04667176
455,2/12/2014 8:35,34.00501667,-118.4123401,0.072446639
456,2/12/2014 8:35,34.00505,-118.4123567,0.061668387
457,2/12/2014 8:35,34.005085,-118.4123717,0.044061667
458,2/12/2014 8:35,34.0051,-118.4123851,0.078232067
459,2/12/2014 8:35,34.00511667,-118.4123984,0.050031229
460,2/12/2014 8:35,34.00513,-118.4124051,0.059143109
461,2/12/2014 8:35,34.00514333,-118.4124151,0.06225104
462,2/12/2014 8:35,34.005155,-118.4124284,0.055455492
463,2/12/2014 8:35,34.00517167,-118.4124417,0.046742123
464,2/12/2014 8:35,34.00518667,-118.4124467,0.072628414
465,2/12/2014 8:36,34.00519,-118.4124501,0.067202334
466,2/12/2014 8:36,34.00519667,-118.4124567,0.046234789
467,2/12/2014 8:36,34.00522167,-118.4124734,0.061850534
468,2/12/2014 8:36,34.00524167,-118.4124984,0.053759695
469,2/12/2014 8:36,34.00528167,-118.4125284,0.070545645
470,2/12/2014 8:36,34.00534167,-118.4125751,0.093355897
471,2/12/2014 8:36,34.00540833,-118.4126367,0.051410785
472,2/12/2014 8:36,34.00546833,-118.4127017,0.049885658
473,2/12/2014 8:36,34.00553833,-118.4127684,0.065035262
474,2/12/2014 8:36,34.00560833,-118.4128401,0.042022215
475,2/12/2014 8:36,34.00568167,-118.4129101,0.061669156
476,2/12/2014 8:36,34.00575333,-118.4129684,0.06411101
477,2/12/2014 8:36,34.00582,-118.4130251,0.054127742
478,2/12/2014 8:36,34.00588833,-118.4130951,0.053891272
479,2/12/2014 8:36,34.00598,-118.4131784,0.043156645
480,2/12/2014 8:36,34.00605167,-118.4132401,0.033083894
481,2/12/2014 8:36,34.00612667,-118.4133034,0.091541282
482,2/12/2014 8:36,34.006195,-118.4133601,0.050725676
483,2/12/2014 8:36,34.00625167,-118.4134001,0.036863931
484,2/12/2014 8:36,34.0063,-118.4134467,0.057357572
485,2/12/2014 8:36,34.00634333,-118.4134917,0.043572978
486,2/12/2014 8:36,34.00638,-118.4135334,0.058039877
487,2/12/2014 8:36,34.00641833,-118.4135667,0.038160622
488,2/12/2014 8:36,34.00645,-118.4136001,0.070709357
489,2/12/2014 8:36,34.00648167,-118.4136301,0.04773264
490,2/12/2014 8:36,34.00651333,-118.4136601,0.046696562
491,2/12/2014 8:36,34.00655833,-118.4136901,0.055565122
492,2/12/2014 8:36,34.00660833,-118.4137334,0.054566313
493,2/12/2014 8:36,34.00665833,-118.4137801,0.047198827
494,2/12/2014 8:36,34.006715,-118.4138301,0.041059627
495,2/12/2014 8:36,34.006765,-118.4138751,0.036582159
496,2/12/2014 8:36,34.00681833,-118.4139201,0.039454574
497,2/12/2014 8:36,34.00687333,-118.4139667,0.041903106
498,2/12/2014 8:36,34.00693,-118.4140184,0.03876323
499,2/12/2014 8:36,34.00698333,-118.4140634,0.03725043
500,2/12/2014 8:36,34.00704,-118.4141151,0.106517123
501,2/12/2014 8:36,34.00709667,-118.4141617,0.07131128
502,2/12/2014 8:36,34.00716833,-118.4142084,0.069328976
503,2/12/2014 8:36,34.00722833,-118.4142584,0.055852943
504,2/12/2014 8:36,34.00729,-118.4143117,0.031139369
505,2/12/2014 8:36,34.007355,-118.4143701,0.028074288
506,2/12/2014 8:36,34.00742,-118.4144284,0.021929346
507,2/12/2014 8:36,34.00747833,-118.4144801,0.032424954
508,2/12/2014 8:36,34.00754667,-118.4145301,0.045978362
509,2/12/2014 8:36,34.007595,-118.4145667,0.044391078
510,2/12/2014 8:36,34.007645,-118.4146017,0.044178411
511,2/12/2014 8:36,34.00768333,-118.4146351,0.05591339
512,2/12/2014 8:36,34.00772,-118.4146617,0.037322015
513,2/12/2014 8:36,34.00774667,-118.4146934,0.045850241
514,2/12/2014 8:36,34.007775,-118.4147201,0.049248378
515,2/12/2014 8:36,34.00780833,-118.4147417,0.032946074
516,2/12/2014 8:36,34.00784333,-118.4147734,0.048298207
517,2/12/2014 8:36,34.00788333,-118.4148134,0.05828226
518,2/12/2014 8:36,34.00793833,-118.4148634,0.073029432
519,2/12/2014 8:36,34.00799333,-118.4149167,0.04535298
520,2/12/2014 8:36,34.00805333,-118.4149651,0.040590383
521,2/12/2014 8:36,34.00811333,-118.4150134,0.039779554
522,2/12/2014 8:36,34.008175,-118.4150634,0.043902158
523,2/12/2014 8:36,34.00823667,-118.4151134,0.034942003
524,2/12/2014 8:36,34.00829333,-118.4151667,0.045963427
525,2/12/2014 8:37,34.00834667,-118.4152134,0.046521449
526,2/12/2014 8:37,34.00841334,-118.4152667,0.063449912
527,2/12/2014 8:37,34.00848667,-118.4153201,0.05982582
528,2/12/2014 8:37,34.00855667,-118.4153834,0.050797011
529,2/12/2014 8:37,34.00864167,-118.4154434,0.083262855
530,2/12/2014 8:37,34.008725,-118.4155034,0.049592795
531,2/12/2014 8:37,34.00880834,-118.4155751,0.064052479
532,2/12/2014 8:37,34.00889334,-118.4156434,0.07129502
533,2/12/2014 8:37,34.00898,-118.4157167,0.058256595
534,2/12/2014 8:37,34.00907667,-118.4157951,0.039019764
535,2/12/2014 8:37,34.00918167,-118.4158801,0.049664433
536,2/12/2014 8:37,34.00928667,-118.4159734,0.049247943
537,2/12/2014 8:37,34.00939834,-118.4160634,0.052863229
538,2/12/2014 8:37,34.009515,-118.4161601,0.038244077
539,2/12/2014 8:37,34.00963334,-118.4162567,0.085035967
540,2/12/2014 8:37,34.00975334,-118.4163584,0.083199709
541,2/12/2014 8:37,34.00987667,-118.4164617,0.069477716
542,2/12/2014 8:37,34.01,-118.4165651,0.045718117
543,2/12/2014 8:37,34.01012667,-118.4166684,0.073903266
544,2/12/2014 8:37,34.01025,-118.4167684,0.065013607
545,2/12/2014 8:37,34.01037667,-118.4168601,0.052598926
546,2/12/2014 8:37,34.010475,-118.4169434,0.086010162
547,2/12/2014 8:37,34.01056,-118.4170168,0.049090071
548,2/12/2014 8:37,34.01064167,-118.4170801,0.052769192
549,2/12/2014 8:37,34.01071834,-118.4171434,0.04158759
550,2/12/2014 8:37,34.01080334,-118.4172084,0.073546283
551,2/12/2014 8:37,34.01088834,-118.4172718,0.066240764
552,2/12/2014 8:37,34.01097667,-118.4173401,0.052280063
553,2/12/2014 8:37,34.01106167,-118.4174084,0.080476572
554,2/12/2014 8:37,34.01115,-118.4174801,0.064489923
555,2/12/2014 8:37,34.01123834,-118.4175634,0.06832926
556,2/12/2014 8:37,34.01133834,-118.4176384,0.035186467
557,2/12/2014 8:37,34.01144167,-118.4177234,0.06293241
558,2/12/2014 8:37,34.01154834,-118.4178051,0.035699907
559,2/12/2014 8:37,34.01165,-118.4178918,0.057450809
560,2/12/2014 8:37,34.01175667,-118.4179718,0.067770244
561,2/12/2014 8:37,34.01186334,-118.4180584,0.041677545
562,2/12/2014 8:37,34.01196667,-118.4181468,0.055711025
563,2/12/2014 8:37,34.01208334,-118.4182301,0.042071234
564,2/12/2014 8:37,34.01219167,-118.4183134,0.057864651
565,2/12/2014 8:37,34.012295,-118.4183984,0.031553368
566,2/12/2014 8:37,34.01240834,-118.4184851,0.042726589
567,2/12/2014 8:37,34.01253,-118.4185768,0.078565563
568,2/12/2014 8:37,34.01264334,-118.4186684,0.059894742
569,2/12/2014 8:37,34.01276,-118.4187601,0.048870105
570,2/12/2014 8:37,34.012875,-118.4188501,0.042888878
571,2/12/2014 8:37,34.01299,-118.4189401,0.050553545
572,2/12/2014 8:37,34.01309667,-118.4190234,0.0772011
573,2/12/2014 8:37,34.01319834,-118.4191068,0.072774524
574,2/12/2014 8:37,34.01330334,-118.4191901,0.040506004
575,2/12/2014 8:37,34.01340834,-118.4192734,0.063300505
576,2/12/2014 8:37,34.013515,-118.4193618,0.077675858
577,2/12/2014 8:37,34.01361834,-118.4194401,0.053777103
578,2/12/2014 8:37,34.013715,-118.4195168,0.05896709
579,2/12/2014 8:37,34.01380667,-118.4195851,0.050097599
580,2/12/2014 8:37,34.01389667,-118.4196501,0.080128215
581,2/12/2014 8:37,34.01397,-118.4197018,0.060970371
582,2/12/2014 8:37,34.014035,-118.4197534,0.087329515
583,2/12/2014 8:37,34.01408667,-118.4198001,0.060429251
584,2/12/2014 8:37,34.01414167,-118.4198451,0.078172632
585,2/12/2014 8:38,34.01419667,-118.4198934,0.057835102
586,2/12/2014 8:38,34.01427334,-118.4199451,0.032616639
587,2/12/2014 8:38,34.01435167,-118.4200118,0.063721063
588,2/12/2014 8:38,34.01444334,-118.4200851,0.05890461
589,2/12/2014 8:38,34.014535,-118.4201701,0.044453766
590,2/12/2014 8:38,34.014645,-118.4202551,0.043437676
591,2/12/2014 8:38,34.01475334,-118.4203451,0.068216954
592,2/12/2014 8:38,34.01487834,-118.4204434,0.046850361
593,2/12/2014 8:38,34.01500167,-118.4205384,0.079992324
594,2/12/2014 8:38,34.01512,-118.4206384,0.063689505
595,2/12/2014 8:38,34.015245,-118.4207351,0.087228264
596,2/12/2014 8:38,34.015375,-118.4208351,0.044868232
597,2/12/2014 8:38,34.01549834,-118.4209384,0.051560427
598,2/12/2014 8:38,34.01563334,-118.4210451,0.041693049
599,2/12/2014 8:38,34.01576667,-118.4211501,0.069421117
600,2/12/2014 8:38,34.01590167,-118.4212584,0.05764264
601,2/12/2014 8:38,34.01603667,-118.4213634,0.057549998
602,2/12/2014 8:38,34.01617167,-118.4214768,0.061481268
603,2/12/2014 8:38,34.01631167,-118.4215851,0.034280741
604,2/12/2014 8:38,34.016445,-118.4216918,0.102978211
605,2/12/2014 8:38,34.016575,-118.4217918,0.037664573
606,2/12/2014 8:38,34.01670334,-118.4218901,0.064964501
607,2/12/2014 8:38,34.01682834,-118.4219918,0.08956404
608,2/12/2014 8:38,34.01695,-118.4220851,0.077222207
609,2/12/2014 8:38,34.017065,-118.4221801,0.053646454
610,2/12/2014 8:38,34.01717,-118.4222584,0.053498441
611,2/12/2014 8:38,34.01727334,-118.4223284,0.049935067
612,2/12/2014 8:38,34.01736834,-118.4223951,0.060803797
613,2/12/2014 8:38,34.017465,-118.4224651,0.061033234
614,2/12/2014 8:38,34.017555,-118.4225301,0.037276753
615,2/12/2014 8:38,34.01763334,-118.4225951,0.045830827
616,2/12/2014 8:38,34.01771834,-118.4226618,0.038850296
617,2/12/2014 8:38,34.01780334,-118.4227234,0.073307247
618,2/12/2014 8:38,34.01788,-118.4227868,0.057896495
619,2/12/2014 8:38,34.01796,-118.4228434,0.036406003
620,2/12/2014 8:38,34.01804667,-118.4228984,0.036303429
621,2/12/2014 8:38,34.01812834,-118.4229634,0.032674686
622,2/12/2014 8:38,34.01821334,-118.4230301,0.065601213
623,2/12/2014 8:38,34.0183,-118.4230951,0.077464444
624,2/12/2014 8:38,34.01838667,-118.4231651,0.045849347
625,2/12/2014 8:38,34.01847334,-118.4232368,0.076464568
626,2/12/2014 8:38,34.01855834,-118.4233101,0.092300059
627,2/12/2014 8:38,34.01865,-118.4233901,0.077463857
628,2/12/2014 8:38,34.018745,-118.4234668,0.1071077
629,2/12/2014 8:38,34.01883834,-118.4235468,0.081767616
630,2/12/2014 8:38,34.01894,-118.4236284,0.0865869
631,2/12/2014 8:38,34.01905834,-118.4236968,0.068522643
632,2/12/2014 8:38,34.01917167,-118.4237868,0.057067166
633,2/12/2014 8:38,34.01928834,-118.4238734,0.04555917
634,2/12/2014 8:38,34.019405,-118.4239668,0.040204238
635,2/12/2014 8:38,34.01953,-118.4240584,0.041337222
636,2/12/2014 8:38,34.01963667,-118.4241534,0.052396582
637,2/12/2014 8:38,34.01974334,-118.4242468,0.034569975
638,2/12/2014 8:38,34.01985834,-118.4243401,0.037137639
639,2/12/2014 8:38,34.01997167,-118.4244334,0.048890865
640,2/12/2014 8:38,34.02008834,-118.4245301,0.034170234
641,2/12/2014 8:38,34.02020667,-118.4246301,0.046138268
642,2/12/2014 8:38,34.02033,-118.4247334,0.053392297
643,2/12/2014 8:38,34.02048334,-118.4248451,0.038704808
644,2/12/2014 8:38,34.02059667,-118.4249451,0.067682102
645,2/12/2014 8:39,34.02071167,-118.4250351,0.045914716
646,2/12/2014 8:39,34.02082667,-118.4251334,0.029062574
647,2/12/2014 8:39,34.02095,-118.4252234,0.073882668
648,2/12/2014 8:39,34.02107334,-118.4253268,0.053048262
649,2/12/2014 8:39,34.02121167,-118.4254234,0.068004164
650,2/12/2014 8:39,34.02134167,-118.4255284,0.029427836
651,2/12/2014 8:39,34.02146834,-118.4256418,0.057420327
652,2/12/2014 8:39,34.02160167,-118.4257468,0.058792614
653,2/12/2014 8:39,34.021745,-118.4258534,0.047858068
654,2/12/2014 8:39,34.02187667,-118.4259668,0.061230649
655,2/12/2014 8:39,34.02200667,-118.4260701,0.045247946
656,2/12/2014 8:39,34.02214667,-118.4261784,0.05007726
657,2/12/2014 8:39,34.02229334,-118.4262918,0.046561653
658,2/12/2014 8:39,34.02242667,-118.4264001,0.044182972
659,2/12/2014 8:39,34.02257167,-118.4265151,0.043341163
660,2/12/2014 8:39,34.02272334,-118.4266284,0.068860431
661,2/12/2014 8:39,34.02286667,-118.4267434,0.056630744
662,2/12/2014 8:39,34.02300834,-118.4268601,0.037339452
663,2/12/2014 8:39,34.023155,-118.4269818,0.063941474
664,2/12/2014 8:39,34.02329834,-118.4270984,0.041619297
665,2/12/2014 8:39,34.02345,-118.4272201,0.07265638
666,2/12/2014 8:39,34.02360667,-118.4273451,0.060405396
667,2/12/2014 8:39,34.02375834,-118.4274668,0.053483909
668,2/12/2014 8:39,34.023915,-118.4275968,0.071587626
669,2/12/2014 8:39,34.024075,-118.4277218,0.072539019
670,2/12/2014 8:39,34.02422834,-118.4278551,0.035987301
671,2/12/2014 8:39,34.02439167,-118.4279784,0.040936341
672,2/12/2014 8:39,34.02456334,-118.4281168,0.03442895
673,2/12/2014 8:39,34.02473167,-118.4282551,0.035326787
674,2/12/2014 8:39,34.02490167,-118.4283968,0.044709922
675,2/12/2014 8:39,34.02507167,-118.4285351,0.063251387
676,2/12/2014 8:39,34.02524834,-118.4286801,0.066554844
677,2/12/2014 8:39,34.02543001,-118.4288218,0.065120915
678,2/12/2014 8:39,34.02561001,-118.4289668,0.075448527
679,2/12/2014 8:39,34.02579001,-118.4291068,0.081378286
680,2/12/2014 8:39,34.02597667,-118.4292518,0.067332579
681,2/12/2014 8:39,34.02615501,-118.4293934,0.073511146
682,2/12/2014 8:39,34.02634001,-118.4295351,0.051192282
683,2/12/2014 8:39,34.02653334,-118.4296834,0.063838073
684,2/12/2014 8:39,34.02672334,-118.4298251,0.079058764
685,2/12/2014 8:39,34.02692001,-118.4299768,0.072102047
686,2/12/2014 8:39,34.02711501,-118.4301268,0.040513277
687,2/12/2014 8:39,34.02730334,-118.4302768,0.044032045
688,2/12/2014 8:39,34.02749001,-118.4304301,0.055154294
689,2/12/2014 8:39,34.02768001,-118.4305868,0.051592346
690,2/12/2014 8:39,34.02788167,-118.4307451,0.081927249
691,2/12/2014 8:39,34.02807667,-118.4309034,0.064609931
692,2/12/2014 8:39,34.02827167,-118.4310568,0.036075632
693,2/12/2014 8:39,34.02847167,-118.4312084,0.035694583
694,2/12/2014 8:39,34.02867167,-118.4313568,0.073151314
695,2/12/2014 8:39,34.02887334,-118.4315151,0.08844746
696,2/12/2014 8:39,34.02907667,-118.4316718,0.064556994
697,2/12/2014 8:39,34.02927834,-118.4318351,0.078711323
698,2/12/2014 8:39,34.02949001,-118.4319951,0.055476009
699,2/12/2014 8:39,34.02970334,-118.4321584,0.064225331
700,2/12/2014 8:39,34.02991001,-118.4323251,0.066124319
701,2/12/2014 8:39,34.03011834,-118.4324918,0.047870488
702,2/12/2014 8:39,34.03033334,-118.4326568,0.071107836
703,2/12/2014 8:39,34.03054001,-118.4328234,0.036075335
704,2/12/2014 8:39,34.03075334,-118.4329784,0.069463023
705,2/12/2014 8:40,34.03096001,-118.4331334,0.061309188
706,2/12/2014 8:40,34.03116501,-118.4333018,0.090629211
707,2/12/2014 8:40,34.03137334,-118.4334668,0.081907081
708,2/12/2014 8:40,34.03157667,-118.4336418,0.084802395
709,2/12/2014 8:40,34.03176501,-118.4338434,0.069216496
710,2/12/2014 8:40,34.03194001,-118.4340401,0.052100941
711,2/12/2014 8:40,34.03211334,-118.4342451,0.052241737
712,2/12/2014 8:40,34.03229167,-118.4344551,0.055682482
713,2/12/2014 8:40,34.03245334,-118.4346768,0.048461828
714,2/12/2014 8:40,34.03260501,-118.4349084,0.052098696
715,2/12/2014 8:40,34.03276334,-118.4351384,0.049464502
716,2/12/2014 8:40,34.03292167,-118.4353634,0.027902379
717,2/12/2014 8:40,34.03306667,-118.4355918,0.081640631
718,2/12/2014 8:40,34.03321501,-118.4358201,0.068580209
719,2/12/2014 8:40,34.03336501,-118.4360368,0.082036328
720,2/12/2014 8:40,34.03351001,-118.4362484,0.075973699
721,2/12/2014 8:40,34.03366501,-118.4364451,0.054080898
722,2/12/2014 8:40,34.03383167,-118.4366318,0.061211611
723,2/12/2014 8:40,34.03399834,-118.4368118,0.053049749
724,2/12/2014 8:40,34.03416501,-118.4369884,0.04213251
725,2/12/2014 8:40,34.03434167,-118.4371551,0.075062608
726,2/12/2014 8:40,34.03453001,-118.4373034,0.046845585
727,2/12/2014 8:40,34.03471334,-118.4374501,0.053598526
728,2/12/2014 8:40,34.03490167,-118.4375868,0.058024513
729,2/12/2014 8:40,34.03512501,-118.4377201,0.033397916
730,2/12/2014 8:40,34.03534001,-118.4378418,0.045914761
731,2/12/2014 8:40,34.03555501,-118.4379518,0.038081991
732,2/12/2014 8:40,34.03576834,-118.4380601,0.057581487
733,2/12/2014 8:40,34.03598001,-118.4381618,0.084491221
734,2/12/2014 8:40,34.03620334,-118.4382634,0.070427102
735,2/12/2014 8:40,34.03642167,-118.4383651,0.038943096
736,2/12/2014 8:40,34.03664501,-118.4384651,0.062087283
737,2/12/2014 8:40,34.03687167,-118.4385668,0.050064539
738,2/12/2014 8:40,34.03710167,-118.4386734,0.044336418
739,2/12/2014 8:40,34.03733001,-118.4387768,0.03774934
740,2/12/2014 8:40,34.03755834,-118.4388784,0.056531087
741,2/12/2014 8:40,34.03778334,-118.4389868,0.051174032
742,2/12/2014 8:40,34.03800501,-118.4391034,0.054493762
743,2/12/2014 8:40,34.03822334,-118.4392251,0.058662771
744,2/12/2014 8:40,34.03844834,-118.4393484,0.033894357
745,2/12/2014 8:40,34.03866334,-118.4394734,0.034979403
746,2/12/2014 8:40,34.03887501,-118.4396001,0.060070198
747,2/12/2014 8:40,34.03908667,-118.4397318,0.051252384
748,2/12/2014 8:40,34.03928334,-118.4398701,0.032768852
749,2/12/2014 8:40,34.03949001,-118.4400151,0.083855843
750,2/12/2014 8:40,34.03967501,-118.4401601,0.047711092
751,2/12/2014 8:40,34.03985501,-118.4403051,0.043619978
752,2/12/2014 8:40,34.04003001,-118.4404584,0.04428049
753,2/12/2014 8:40,34.04020667,-118.4406168,0.051846864
754,2/12/2014 8:40,34.04038667,-118.4407784,0.061231405
755,2/12/2014 8:40,34.04056834,-118.4409418,0.066918081
756,2/12/2014 8:40,34.04075334,-118.4411034,0.048868041
757,2/12/2014 8:40,34.04093834,-118.4412701,0.042120519
758,2/12/2014 8:40,34.04112001,-118.4414351,0.059101359
759,2/12/2014 8:40,34.04130001,-118.4415884,0.07902554
760,2/12/2014 8:40,34.04147667,-118.4417451,0.05745811
761,2/12/2014 8:40,34.04165001,-118.4419018,0.079758783
762,2/12/2014 8:40,34.04182334,-118.4420534,0.06056578
763,2/12/2014 8:40,34.04199001,-118.4422034,0.052775303
764,2/12/2014 8:40,34.04216668,-118.4423518,0.039840967
765,2/12/2014 8:41,34.04234501,-118.4425084,0.050455946
766,2/12/2014 8:41,34.04252668,-118.4426684,0.047287847
767,2/12/2014 8:41,34.04270668,-118.4428284,0.071071055
768,2/12/2014 8:41,34.04288668,-118.4429901,0.091535365
769,2/12/2014 8:41,34.04307168,-118.4431518,0.049549
770,2/12/2014 8:41,34.04326501,-118.4433151,0.042289655
771,2/12/2014 8:41,34.04346168,-118.4434818,0.033713347
772,2/12/2014 8:41,34.04366001,-118.4436434,0.047379758
773,2/12/2014 8:41,34.04385334,-118.4438001,0.053046862
774,2/12/2014 8:41,34.04404501,-118.4439584,0.051028223
775,2/12/2014 8:41,34.04423834,-118.4441168,0.095778517
776,2/12/2014 8:41,34.04442834,-118.4442751,0.044220947
777,2/12/2014 8:41,34.04461001,-118.4444284,0.049927708
778,2/12/2014 8:41,34.04479668,-118.4445751,0.053907676
779,2/12/2014 8:41,34.04497668,-118.4447118,0.091342012
780,2/12/2014 8:41,34.04515168,-118.4448434,0.039834081
781,2/12/2014 8:41,34.04531834,-118.4449818,0.061423342
782,2/12/2014 8:41,34.04548334,-118.4451168,0.041925727
783,2/12/2014 8:41,34.04564001,-118.4452501,0.029820425
784,2/12/2014 8:41,34.04578834,-118.4453801,0.045852852
785,2/12/2014 8:41,34.04594334,-118.4455068,0.076929545
786,2/12/2014 8:41,34.04609334,-118.4456268,0.051655613
787,2/12/2014 8:41,34.04623834,-118.4457434,0.049801615
788,2/12/2014 8:41,34.04637501,-118.4458668,0.074796224
789,2/12/2014 8:41,34.04652334,-118.4459768,0.096827166
790,2/12/2014 8:41,34.04664834,-118.4460934,0.043081295
791,2/12/2014 8:41,34.04678834,-118.4462134,0.040707399
792,2/12/2014 8:41,34.04691834,-118.4463301,0.060407222
793,2/12/2014 8:41,34.04704168,-118.4464401,0.071712937
794,2/12/2014 8:41,34.04715501,-118.4465351,0.049410931
795,2/12/2014 8:41,34.04724001,-118.4466068,0.05536748
796,2/12/2014 8:41,34.04731334,-118.4466718,0.066976897
797,2/12/2014 8:41,34.04737168,-118.4467284,0.046562716
798,2/12/2014 8:41,34.04742168,-118.4467734,0.035045656
799,2/12/2014 8:41,34.04746001,-118.4468101,0.063101675
800,2/12/2014 8:41,34.04748834,-118.4468434,0.047599757
801,2/12/2014 8:41,34.04752001,-118.4468734,0.070125541
802,2/12/2014 8:41,34.04754834,-118.4469018,0.054557522
803,2/12/2014 8:41,34.04759668,-118.4469151,0.064994377
804,2/12/2014 8:41,34.04763668,-118.4469501,0.062493141
805,2/12/2014 8:41,34.04769334,-118.4469934,0.058268737
806,2/12/2014 8:41,34.04774834,-118.4470418,0.035528733
807,2/12/2014 8:41,34.04780001,-118.4470851,0.059043695
808,2/12/2014 8:41,34.04785001,-118.4471301,0.049511904
809,2/12/2014 8:41,34.04788668,-118.4471751,0.033760047
810,2/12/2014 8:41,34.04792168,-118.4472118,0.062028112
811,2/12/2014 8:41,34.04797001,-118.4472451,0.090276073
812,2/12/2014 8:41,34.04802334,-118.4472901,0.084212412
813,2/12/2014 8:41,34.04808668,-118.4473518,0.073844307
814,2/12/2014 8:41,34.04815001,-118.4473968,0.063700822
815,2/12/2014 8:41,34.04822334,-118.4474634,0.050042236
816,2/12/2014 8:41,34.04830001,-118.4475301,0.065637789
817,2/12/2014 8:41,34.04838001,-118.4475901,0.03613113
818,2/12/2014 8:41,34.04846168,-118.4476501,0.045241989
819,2/12/2014 8:41,34.04855001,-118.4477034,0.03929698
820,2/12/2014 8:41,34.04863834,-118.4477551,0.066206104
821,2/12/2014 8:41,34.04870834,-118.4478018,0.040069667
822,2/12/2014 8:41,34.04877334,-118.4478484,0.042639604
823,2/12/2014 8:41,34.04884001,-118.4478918,0.047930459
824,2/12/2014 8:41,34.04890668,-118.4479318,0.048075404
825,2/12/2014 8:42,34.04898001,-118.4479684,0.057773136
826,2/12/2014 8:42,34.04904834,-118.4480084,0.046786233
827,2/12/2014 8:42,34.04911001,-118.4480484,0.064247207
828,2/12/2014 8:42,34.04917168,-118.4480818,0.079669392
829,2/12/2014 8:42,34.04922001,-118.4481101,0.043452764
830,2/12/2014 8:42,34.04926168,-118.4481318,0.057448288
831,2/12/2014 8:42,34.04929668,-118.4481534,0.06946306
832,2/12/2014 8:42,34.04932334,-118.4481768,0.039078509
833,2/12/2014 8:42,34.04934834,-118.4481951,0.052742065
834,2/12/2014 8:42,34.04936834,-118.4482101,0.039319525
835,2/12/2014 8:42,34.04937668,-118.4482184,0.05333627
836,2/12/2014 8:42,34.04939001,-118.4482318,0.066420291
837,2/12/2014 8:42,34.04940168,-118.4482401,0.083393403
838,2/12/2014 8:42,34.04942834,-118.4482518,0.081744057
839,2/12/2014 8:42,34.04944168,-118.4482734,0.111546174
840,2/12/2014 8:42,34.04947168,-118.4482951,0.09922816
841,2/12/2014 8:42,34.04950668,-118.4483168,0.095430768
842,2/12/2014 8:42,34.04955168,-118.4483451,0.031384266
843,2/12/2014 8:42,34.04959334,-118.4483668,0.065543841
844,2/12/2014 8:42,34.04963334,-118.4483901,0.055099847
845,2/12/2014 8:42,34.04967501,-118.4484118,0.076522049
846,2/12/2014 8:42,34.04972334,-118.4484451,0.05764844
847,2/12/2014 8:42,34.04978168,-118.4484734,0.087852378
848,2/12/2014 8:42,34.04984501,-118.4485051,0.079973521
849,2/12/2014 8:42,34.04991334,-118.4485351,0.041686374
850,2/12/2014 8:42,34.04997168,-118.4485634,0.084128894
851,2/12/2014 8:42,34.05003334,-118.4485934,0.041638086
852,2/12/2014 8:42,34.05008501,-118.4486068,0.049830661
853,2/12/2014 8:42,34.05012001,-118.4486218,0.050474514
854,2/12/2014 8:42,34.05016168,-118.4486368,0.059818001
855,2/12/2014 8:42,34.05021001,-118.4486518,0.089903898
856,2/12/2014 8:42,34.05025501,-118.4486701,0.032952921
857,2/12/2014 8:42,34.05029501,-118.4486934,0.116934493
858,2/12/2014 8:42,34.05033334,-118.4487068,0.081659121
859,2/12/2014 8:42,34.05037668,-118.4487251,0.047680335
860,2/12/2014 8:42,34.05042834,-118.4487318,0.048131323
861,2/12/2014 8:42,34.05047334,-118.4487451,0.051929652
862,2/12/2014 8:42,34.05052001,-118.4487568,0.062423094
863,2/12/2014 8:42,34.05055168,-118.4487668,0.073170824
864,2/12/2014 8:42,34.05058834,-118.4487768,0.061521312
865,2/12/2014 8:42,34.05062168,-118.4487868,0.053441946
866,2/12/2014 8:42,34.05066001,-118.4488001,0.055834174
867,2/12/2014 8:42,34.05071001,-118.4488201,0.052968242
868,2/12/2014 8:42,34.05074334,-118.4488301,0.068055953
869,2/12/2014 8:42,34.05077168,-118.4488401,0.04926739
870,2/12/2014 8:42,34.05080168,-118.4488501,0.033832509
871,2/12/2014 8:42,34.05082168,-118.4488584,0.057855581
872,2/12/2014 8:42,34.05084001,-118.4488618,0.029624004
873,2/12/2014 8:42,34.05085001,-118.4488601,0.075911341
874,2/12/2014 8:42,34.05087001,-118.4488651,0.059066292
875,2/12/2014 8:42,34.05088834,-118.4488634,0.040126016
876,2/12/2014 8:42,34.05090668,-118.4488651,0.028929396
877,2/12/2014 8:42,34.05093168,-118.4488718,0.062132981
878,2/12/2014 8:42,34.05095834,-118.4488801,0.043231444
879,2/12/2014 8:42,34.05099334,-118.4488918,0.060170111
880,2/12/2014 8:42,34.05104001,-118.4489134,0.047019579
881,2/12/2014 8:42,34.05109334,-118.4489284,0.125373623
882,2/12/2014 8:42,34.05114501,-118.4489501,0.033188845
883,2/12/2014 8:42,34.05119834,-118.4489684,0.10683138
884,2/12/2014 8:42,34.05125668,-118.4489818,0.046608979
885,2/12/2014 8:43,34.05130668,-118.4489934,0.048852739
886,2/12/2014 8:43,34.05135334,-118.4490068,0.07377133
887,2/12/2014 8:43,34.05140001,-118.4490218,0.052681545
888,2/12/2014 8:43,34.05144001,-118.4490368,0.06854678
889,2/12/2014 8:43,34.05147501,-118.4490468,0.095185692
890,2/12/2014 8:43,34.05150834,-118.4490618,0.081986907
891,2/12/2014 8:43,34.05154834,-118.4490718,0.062328624
892,2/12/2014 8:43,34.05158834,-118.4490868,0.05146976
893,2/12/2014 8:43,34.05162668,-118.4491001,0.039454862
894,2/12/2014 8:43,34.05166668,-118.4491168,0.038553431
895,2/12/2014 8:43,34.05169668,-118.4491268,0.067123422
896,2/12/2014 8:43,34.05172834,-118.4491368,0.079509168
897,2/12/2014 8:43,34.05175168,-118.4491484,0.066167678
898,2/12/2014 8:43,34.05176834,-118.4491551,0.063423351
899,2/12/2014 8:43,34.05178001,-118.4491551,0.067870763
900,2/12/2014 8:43,34.05178834,-118.4491601,0.046056743
901,2/12/2014 8:43,34.05180668,-118.4491651,0.060701765
902,2/12/2014 8:43,34.05182168,-118.4491734,0.04618436
903,2/12/2014 8:43,34.05184501,-118.4491751,0.065095962
904,2/12/2014 8:43,34.05187334,-118.4491818,0.048631098
905,2/12/2014 8:43,34.05190501,-118.4491901,0.064170344
906,2/12/2014 8:43,34.05194501,-118.4492018,0.054703553
907,2/12/2014 8:43,34.05199334,-118.4492234,0.077681062
908,2/12/2014 8:43,34.05204501,-118.4492434,0.05482527
909,2/12/2014 8:43,34.05209501,-118.4492651,0.081300425
910,2/12/2014 8:43,34.05213501,-118.4492901,0.044325551
911,2/12/2014 8:43,34.05219001,-118.4493151,0.058480216
912,2/12/2014 8:43,34.05224834,-118.4493368,0.073830835
913,2/12/2014 8:43,34.05231668,-118.4493701,0.046755817
914,2/12/2014 8:43,34.05240168,-118.4494068,0.061162987
915,2/12/2014 8:43,34.05249001,-118.4494451,0.048055459
916,2/12/2014 8:43,34.05258001,-118.4494801,0.06778207
917,2/12/2014 8:43,34.05266501,-118.4495101,0.061205668
918,2/12/2014 8:43,34.05275168,-118.4495501,0.068796155
919,2/12/2014 8:43,34.05284668,-118.4495868,0.065242996
920,2/12/2014 8:43,34.05292834,-118.4496234,0.044258613
921,2/12/2014 8:43,34.05302001,-118.4496534,0.049453715
922,2/12/2014 8:43,34.05310668,-118.4496951,0.072573704
923,2/12/2014 8:43,34.05319168,-118.4497334,0.061178706
924,2/12/2014 8:43,34.05328334,-118.4497684,0.044909819
925,2/12/2014 8:43,34.05338501,-118.4498151,0.057615129
926,2/12/2014 8:43,34.05348168,-118.4498484,0.04777551
927,2/12/2014 8:43,34.05357001,-118.4498768,0.057258513
928,2/12/2014 8:43,34.05365001,-118.4499034,0.056077817
929,2/12/2014 8:43,34.05372834,-118.4499301,0.066280786
930,2/12/2014 8:43,34.05379668,-118.4499534,0.075925893
931,2/12/2014 8:43,34.05385168,-118.4499684,0.064534299
932,2/12/2014 8:43,34.05390334,-118.4499868,0.048419712
933,2/12/2014 8:43,34.05395334,-118.4500001,0.070282119
934,2/12/2014 8:43,34.05401168,-118.4500084,0.041474994
935,2/12/2014 8:43,34.05407668,-118.4500184,0.054865197
936,2/12/2014 8:43,34.05414001,-118.4500251,0.037579253
937,2/12/2014 8:43,34.05420001,-118.4500201,0.054463106
938,2/12/2014 8:43,34.05426834,-118.4500201,0.048717158
939,2/12/2014 8:43,34.05432668,-118.4500168,0.03746008
940,2/12/2014 8:43,34.05438501,-118.4500084,0.039668948
941,2/12/2014 8:43,34.05440668,-118.4500034,0.037106699
942,2/12/2014 8:43,34.05447334,-118.4499934,0.046249209
943,2/12/2014 8:43,34.05454668,-118.4499768,0.04229938
944,2/12/2014 8:43,34.05463834,-118.4499584,0.070805255
945,2/12/2014 8:44,34.05473668,-118.4499368,0.028545613
946,2/12/2014 8:44,34.05484168,-118.4499168,0.047718587
947,2/12/2014 8:44,34.05494834,-118.4498901,0.043933946
948,2/12/2014 8:44,34.05506334,-118.4498651,0.078602168
949,2/12/2014 8:44,34.05517001,-118.4498484,0.024321775
950,2/12/2014 8:44,34.05526168,-118.4498351,0.048227693
951,2/12/2014 8:44,34.05534001,-118.4498234,0.046338756
952,2/12/2014 8:44,34.05541334,-118.4498168,0.048733892
953,2/12/2014 8:44,34.05547501,-118.4498118,0.039193084
954,2/12/2014 8:44,34.05553168,-118.4498184,0.044193213
955,2/12/2014 8:44,34.05558168,-118.4498301,0.028174495
956,2/12/2014 8:44,34.05562501,-118.4498418,0.064653044
957,2/12/2014 8:44,34.05566334,-118.4498584,0.070752024
958,2/12/2014 8:44,34.05570001,-118.4498734,0.050404714
959,2/12/2014 8:44,34.05572501,-118.4498901,0.071733185
960,2/12/2014 8:44,34.05575334,-118.4499051,0.034656779
961,2/12/2014 8:44,34.05577501,-118.4499218,0.078213271
962,2/12/2014 8:44,34.05579834,-118.4499368,0.052702859
963,2/12/2014 8:44,34.05581668,-118.4499584,0.053291648
964,2/12/2014 8:44,34.05584668,-118.4499784,0.051769965
965,2/12/2014 8:44,34.05587668,-118.4500051,0.042365233
966,2/12/2014 8:44,34.05590334,-118.4500368,0.026253355
967,2/12/2014 8:44,34.05593334,-118.4500668,0.055112055
968,2/12/2014 8:44,34.05595834,-118.4500984,0.079316436
969,2/12/2014 8:44,34.05598168,-118.4501268,0.096748241
970,2/12/2014 8:44,34.05600501,-118.4501468,0.07695094
971,2/12/2014 8:44,34.05602001,-118.4501701,0.072225122
972,2/12/2014 8:44,34.05602834,-118.4501918,0.034604132
973,2/12/2014 8:44,34.05604334,-118.4502101,0.074202051
974,2/12/2014 8:44,34.05606334,-118.4502284,0.078613642
975,2/12/2014 8:44,34.05607834,-118.4502468,0.082528487
976,2/12/2014 8:44,34.05610501,-118.4502651,0.086244984
977,2/12/2014 8:44,34.05612001,-118.4502851,0.058468609
978,2/12/2014 8:44,34.05612334,-118.4503001,0.043647764
979,2/12/2014 8:44,34.05612501,-118.4503084,0.050238426
980,2/12/2014 8:44,34.05613001,-118.4503201,0.051265733
981,2/12/2014 8:44,34.05613668,-118.4503301,0.073074091
982,2/12/2014 8:44,34.05614334,-118.4503434,0.04956936
983,2/12/2014 8:44,34.05614668,-118.4503501,0.043382213
984,2/12/2014 8:44,34.05615168,-118.4503468,0.050954122
985,2/12/2014 8:44,34.05615334,-118.4503434,0.057882633
986,2/12/2014 8:44,34.05615668,-118.4503401,0.049570026
987,2/12/2014 8:44,34.05615668,-118.4503401,0.039842955
988,2/12/2014 8:44,34.05615668,-118.4503401,0.049667507
989,2/12/2014 8:44,34.05615668,-118.4503401,0.055030948
990,2/12/2014 8:44,34.05615834,-118.4503418,0.043439663
991,2/12/2014 8:44,34.05616001,-118.4503484,0.037521166
992,2/12/2014 8:44,34.05616668,-118.4503718,0.053087478
993,2/12/2014 8:44,34.05618001,-118.4503968,0.07189064
994,2/12/2014 8:44,34.05619501,-118.4504201,0.048873157
995,2/12/2014 8:44,34.05620668,-118.4504351,0.079999052
996,2/12/2014 8:44,34.05622668,-118.4504434,0.053094881
997,2/12/2014 8:44,34.05623668,-118.4504518,0.051899569
998,2/12/2014 8:44,34.05624834,-118.4504584,0.071130861
999,2/12/2014 8:44,34.05625834,-118.4504668,0.073401208
1000,2/12/2014 8:44,34.05627001,-118.4504768,0.048596618
1001,2/12/2014 8:44,34.05629168,-118.4504918,0.075014174
1002,2/12/2014 8:44,34.05632001,-118.4504984,0.039344814
1003,2/12/2014 8:44,34.05635334,-118.4505001,0.054344367
1004,2/12/2014 8:44,34.05638001,-118.4505018,0.081527041
1005,2/12/2014 8:45,34.05640001,-118.4505034,0.034285069
1006,2/12/2014 8:45,34.05641834,-118.4505084,0.033947227
1007,2/12/2014 8:45,34.05643668,-118.4505068,0.051903441
1008,2/12/2014 8:45,34.05646501,-118.4505068,0.04629267
1009,2/12/2014 8:45,34.05648334,-118.4505068,0.054284143
1010,2/12/2014 8:45,34.05649668,-118.4505068,0.040575817
1011,2/12/2014 8:45,34.05649668,-118.4505118,0.059745296
1012,2/12/2014 8:45,34.05651168,-118.4505168,0.050300437
1013,2/12/2014 8:45,34.05651501,-118.4505301,0.03467158
1014,2/12/2014 8:45,34.05651334,-118.4505351,0.075029457
1015,2/12/2014 8:45,34.05651668,-118.4505351,0.053548385
1016,2/12/2014 8:45,34.05652334,-118.4505351,0.072012467
1017,2/12/2014 8:45,34.05653501,-118.4505384,0.030813064
1018,2/12/2014 8:45,34.05654501,-118.4505401,0.027495505
1019,2/12/2014 8:45,34.05655668,-118.4505318,0.070064718
1020,2/12/2014 8:45,34.05657001,-118.4505268,0.040578485
1021,2/12/2014 8:45,34.05657668,-118.4505234,0.051869792
1022,2/12/2014 8:45,34.05658001,-118.4505184,0.041454315
1023,2/12/2014 8:45,34.05658168,-118.4505168,0.060491485
1024,2/12/2014 8:45,34.05658501,-118.4505118,0.07611391
1025,2/12/2014 8:45,34.05659501,-118.4505084,0.048273779
1026,2/12/2014 8:45,34.05659668,-118.4505084,0.079837179
1027,2/12/2014 8:45,34.05659834,-118.4505084,0.031538306
1028,2/12/2014 8:45,34.05660001,-118.4505084,0.050963439
1029,2/12/2014 8:45,34.05660334,-118.4505084,0.092884545
1030,2/12/2014 8:45,34.05661168,-118.4505034,0.044483733
1031,2/12/2014 8:45,34.05664001,-118.4504868,0.051983169
1032,2/12/2014 8:45,34.05665501,-118.4504751,0.04794436
1033,2/12/2014 8:45,34.05667834,-118.4504534,0.042726566
1034,2/12/2014 8:45,34.05670334,-118.4504284,0.060448969
1035,2/12/2014 8:45,34.05673334,-118.4503951,0.077076898
1036,2/12/2014 8:45,34.05675834,-118.4503484,0.047639165
1037,2/12/2014 8:45,34.05677668,-118.4503051,0.061567541
1038,2/12/2014 8:45,34.05679501,-118.4502584,0.057035639
1039,2/12/2014 8:45,34.05680501,-118.4502034,0.055026337
1040,2/12/2014 8:45,34.05682001,-118.4501518,0.095344197
1041,2/12/2014 8:45,34.05681834,-118.4501084,0.057124349
1042,2/12/2014 8:45,34.05683334,-118.4500751,0.093889249
1043,2/12/2014 8:45,34.05684168,-118.4500484,0.046669102
1044,2/12/2014 8:45,34.05685501,-118.4500168,0.058047076
1045,2/12/2014 8:45,34.05687501,-118.4499834,0.061205727
1046,2/12/2014 8:45,34.05689834,-118.4499384,0.071936338
1047,2/12/2014 8:45,34.05692168,-118.4498918,0.061351909
1048,2/12/2014 8:45,34.05695334,-118.4498484,0.081550278
1049,2/12/2014 8:45,34.05698501,-118.4497951,0.074586661
1050,2/12/2014 8:45,34.05701834,-118.4497451,0.102675875
1051,2/12/2014 8:45,34.05705168,-118.4496901,0.040748405
1052,2/12/2014 8:45,34.05708334,-118.4496218,0.038091679
1053,2/12/2014 8:45,34.05711501,-118.4495468,0.039879132
1054,2/12/2014 8:45,34.05714834,-118.4494634,0.04379778
1055,2/12/2014 8:45,34.05718834,-118.4493784,0.062657374
1056,2/12/2014 8:45,34.05722834,-118.4492834,0.07773404
1057,2/12/2014 8:45,34.05726501,-118.4491868,0.045548989
1058,2/12/2014 8:45,34.05730501,-118.4490868,0.070234915
1059,2/12/2014 8:45,34.05734334,-118.4489901,0.04427955
1060,2/12/2014 8:45,34.05737668,-118.4488934,0.065291059
1061,2/12/2014 8:45,34.05741001,-118.4488001,0.058332752
1062,2/12/2014 8:45,34.05744001,-118.4487034,0.07345421
1063,2/12/2014 8:45,34.05746668,-118.4485951,0.077463681
1064,2/12/2014 8:45,34.05749668,-118.4484984,0.083617039
1065,2/12/2014 8:46,34.05752334,-118.4484018,0.076815472
1066,2/12/2014 8:46,34.05754834,-118.4483168,0.057179412
1067,2/12/2014 8:46,34.05756834,-118.4482468,0.076937215
1068,2/12/2014 8:46,34.05758168,-118.4481918,0.059028791
1069,2/12/2014 8:46,34.05759168,-118.4481451,0.057190393
1070,2/12/2014 8:46,34.05760334,-118.4481051,0.036838115
1071,2/12/2014 8:46,34.05759834,-118.4480784,0.069633217
1072,2/12/2014 8:46,34.05759168,-118.4480484,0.057740686
1073,2/12/2014 8:46,34.05759001,-118.4480251,0.0444107
1074,2/12/2014 8:46,34.05758334,-118.4480184,0.039152478
1075,2/12/2014 8:46,34.05757668,-118.4480151,0.065474171
1076,2/12/2014 8:46,34.05756501,-118.4480134,0.048218946
1077,2/12/2014 8:46,34.05756501,-118.4480134,0.06536773
1078,2/12/2014 8:46,34.05756501,-118.4480134,0.047300418
1079,2/12/2014 8:46,34.05756501,-118.4480118,0.059403788
1080,2/12/2014 8:46,34.05756501,-118.4480118,0.040236889
1081,2/12/2014 8:46,34.05756668,-118.4480118,0.066827743
1082,2/12/2014 8:46,34.05756501,-118.4480118,0.04698201
1083,2/12/2014 8:46,34.05756501,-118.4480118,0.050778578
1084,2/12/2014 8:46,34.05756501,-118.4480134,0.054590644
1085,2/12/2014 8:46,34.05756501,-118.4480134,0.062088427
1086,2/12/2014 8:46,34.05756501,-118.4480118,0.057602987
1087,2/12/2014 8:46,34.05756501,-118.4480118,0.078566119
1088,2/12/2014 8:46,34.05756501,-118.4480118,0.045567623
1089,2/12/2014 8:46,34.05756501,-118.4480134,0.05402203
1090,2/12/2014 8:46,34.05756501,-118.4480134,0.076760537
1091,2/12/2014 8:46,34.05756668,-118.4480134,0.070977393
1092,2/12/2014 8:46,34.05756668,-118.4480118,0.037792311
1093,2/12/2014 8:46,34.05756668,-118.4480118,0.06448485
1094,2/12/2014 8:46,34.05756668,-118.4480118,0.065461867
1095,2/12/2014 8:46,34.05756668,-118.4480118,0.100864426
1096,2/12/2014 8:46,34.05756668,-118.4480118,0.074493776
1097,2/12/2014 8:46,34.05756668,-118.4480118,0.047053187
1098,2/12/2014 8:46,34.05756668,-118.4480101,0.058780041
1099,2/12/2014 8:46,34.05756668,-118.4480101,0.077057726
1100,2/12/2014 8:46,34.05756834,-118.4480118,0.090218252
1101,2/12/2014 8:46,34.05756834,-118.4480118,0.05684068
1102,2/12/2014 8:46,34.05756834,-118.4480118,0.037977965
1103,2/12/2014 8:46,34.05756834,-118.4480118,0.044898532
1104,2/12/2014 8:46,34.05756834,-118.4480118,0.071412705
1105,2/12/2014 8:46,34.05756834,-118.4480118,0.05024321
1106,2/12/2014 8:46,34.05756834,-118.4480118,0.049440211
1107,2/12/2014 8:46,34.05756834,-118.4480118,0.044974266
1108,2/12/2014 8:46,34.05756834,-118.4480118,0.070404949
1109,2/12/2014 8:46,34.05756834,-118.4480118,0.051402999
1110,2/12/2014 8:46,34.05756834,-118.4480118,0.040441876
1111,2/12/2014 8:46,34.05756834,-118.4480118,0.073221238
1112,2/12/2014 8:46,34.05756834,-118.4480118,0.091065275
1113,2/12/2014 8:46,34.05756834,-118.4480118,0.062894186
1114,2/12/2014 8:46,34.05756834,-118.4480118,0.057251513
1115,2/12/2014 8:46,34.05756834,-118.4480118,0.073647522
1116,2/12/2014 8:46,34.05756834,-118.4480118,0.065839606
1117,2/12/2014 8:46,34.05756834,-118.4480118,0.099537703
1118,2/12/2014 8:46,34.05756834,-118.4480118,0.093833643
1119,2/12/2014 8:46,34.05756834,-118.4480134,0.046276749
1120,2/12/2014 8:46,34.05756834,-118.4480134,0.044245287
1121,2/12/2014 8:46,34.05756834,-118.4480134,0.071194998
1122,2/12/2014 8:46,34.05756834,-118.4480134,0.050445452
1123,2/12/2014 8:46,34.05756834,-118.4480134,0.046009637
1124,2/12/2014 8:46,34.05756834,-118.4480151,0.07476512
1125,2/12/2014 8:47,34.05756834,-118.4480151,0.068113308
1126,2/12/2014 8:47,34.05756834,-118.4480151,0.050275321
1127,2/12/2014 8:47,34.05756834,-118.4480151,0.044930631
1128,2/12/2014 8:47,34.05757001,-118.4480101,0.078165427
1129,2/12/2014 8:47,34.05758668,-118.4479984,0.060588573
1130,2/12/2014 8:47,34.05759834,-118.4479551,0.06026511
1131,2/12/2014 8:47,34.05761834,-118.4478818,0.070322314
1132,2/12/2014 8:47,34.05764168,-118.4477884,0.055506036
1133,2/12/2014 8:47,34.05767834,-118.4476901,0.075390774
1134,2/12/2014 8:47,34.05772001,-118.4475934,0.047605723
1135,2/12/2014 8:47,34.05775501,-118.4474784,0.069857662
1136,2/12/2014 8:47,34.05779168,-118.4473534,0.076269329
1137,2/12/2014 8:47,34.05783001,-118.4472218,0.04759797
1138,2/12/2014 8:47,34.05786501,-118.4470901,0.063796885
1139,2/12/2014 8:47,34.05790168,-118.4469518,0.072028151
1140,2/12/2014 8:47,34.05794001,-118.4468068,0.049777488
1141,2/12/2014 8:47,34.05797668,-118.4466634,0.079903407
1142,2/12/2014 8:47,34.05801501,-118.4465218,0.095979205
1143,2/12/2014 8:47,34.05805001,-118.4463784,0.075837553
1144,2/12/2014 8:47,34.05808668,-118.4462351,0.0842935
1145,2/12/2014 8:47,34.05813001,-118.4460884,0.049770169
1146,2/12/2014 8:47,34.05817334,-118.4459384,0.042685648
1147,2/12/2014 8:47,34.05821168,-118.4457818,0.063254053
1148,2/12/2014 8:47,34.05826168,-118.4456184,0.065437188
1149,2/12/2014 8:47,34.05834835,-118.4454501,0.039662968
1150,2/12/2014 8:47,34.05841335,-118.4452718,0.051116198
1151,2/12/2014 8:47,34.05847501,-118.4451001,0.078335406
1152,2/12/2014 8:47,34.05853168,-118.4449301,0.05232462
1153,2/12/2014 8:47,34.05861668,-118.4447651,0.121498095
1154,2/12/2014 8:47,34.05868001,-118.4446051,0.046611317
1155,2/12/2014 8:47,34.05873335,-118.4444468,0.059489314
1156,2/12/2014 8:47,34.05878335,-118.4442968,0.082180464
1157,2/12/2014 8:47,34.05882335,-118.4441484,0.053558195
1158,2/12/2014 8:47,34.05886001,-118.4440234,0.062968508
1159,2/12/2014 8:47,34.05890501,-118.4438968,0.055502599
1160,2/12/2014 8:47,34.05893501,-118.4437934,0.054609029
1161,2/12/2014 8:47,34.05895001,-118.4436851,0.045986046
1162,2/12/2014 8:47,34.05896835,-118.4435851,0.085309975
1163,2/12/2014 8:47,34.05897835,-118.4435068,0.107738424
1164,2/12/2014 8:47,34.05900001,-118.4434368,0.054270127
1165,2/12/2014 8:47,34.05900501,-118.4433934,0.077615259
1166,2/12/2014 8:47,34.05900335,-118.4433651,0.080445047
1167,2/12/2014 8:47,34.05902501,-118.4433451,0.079119419
1168,2/12/2014 8:47,34.05903835,-118.4433318,0.082190709
1169,2/12/2014 8:47,34.05906001,-118.4433068,0.088464039
1170,2/12/2014 8:47,34.05909001,-118.4433084,0.128969003
1171,2/12/2014 8:47,34.05910668,-118.4432984,0.045587435
1172,2/12/2014 8:47,34.05906501,-118.4433134,0.07066746
1173,2/12/2014 8:47,34.05900001,-118.4433351,0.086638953
1174,2/12/2014 8:47,34.05898668,-118.4433118,0.100342396
1175,2/12/2014 8:47,34.05898335,-118.4433051,0.077495811
1176,2/12/2014 8:47,34.05898335,-118.4433051,0.055901878
1177,2/12/2014 8:47,34.05898168,-118.4433068,0.062990222
1178,2/12/2014 8:47,34.05898168,-118.4433068,0.075826314
1179,2/12/2014 8:47,34.05898001,-118.4433068,0.101811867
1180,2/12/2014 8:47,34.05897835,-118.4433068,0.052698695
1181,2/12/2014 8:47,34.05897835,-118.4433068,0.0572178
1182,2/12/2014 8:47,34.05897835,-118.4433068,0.086706275
1183,2/12/2014 8:47,34.05897668,-118.4433068,0.063286521
1184,2/12/2014 8:47,34.05897668,-118.4433068,0.077381896
1185,2/12/2014 8:48,34.05897668,-118.4433068,0.084519535
1186,2/12/2014 8:48,34.05897835,-118.4433051,0.11349714
1187,2/12/2014 8:48,34.05897835,-118.4433051,0.051169964
1188,2/12/2014 8:48,34.05897835,-118.4433051,0.065864121
1189,2/12/2014 8:48,34.05897835,-118.4433034,0.058842948
1190,2/12/2014 8:48,34.05897835,-118.4433034,0.075249658
1191,2/12/2014 8:48,34.05898001,-118.4433018,0.097294032
1192,2/12/2014 8:48,34.05898001,-118.4433001,0.080991708
1193,2/12/2014 8:48,34.05898001,-118.4432984,0.072009493
1194,2/12/2014 8:48,34.05898168,-118.4432951,0.078563088
1195,2/12/2014 8:48,34.05898335,-118.4432934,0.091878504
1196,2/12/2014 8:48,34.05898501,-118.4432901,0.060395009
1197,2/12/2014 8:48,34.05898501,-118.4432884,0.068535032
1198,2/12/2014 8:48,34.05898668,-118.4432868,0.123668941
1199,2/12/2014 8:48,34.05898668,-118.4432851,0.080997864
1200,2/12/2014 8:48,34.05898835,-118.4432818,0.067327809
1201,2/12/2014 8:48,34.05898835,-118.4432818,0.098410753
1202,2/12/2014 8:48,34.05899001,-118.4432801,0.092203132
1203,2/12/2014 8:48,34.05898835,-118.4432801,0.059216066
1204,2/12/2014 8:48,34.05898835,-118.4432784,0.046745787
1205,2/12/2014 8:48,34.05898835,-118.4432784,0.052277476
1206,2/12/2014 8:48,34.05898668,-118.4432784,0.106566378
1207,2/12/2014 8:48,34.05898668,-118.4432784,0.099468007
1208,2/12/2014 8:48,34.05898668,-118.4432784,0.058961917
1209,2/12/2014 8:48,34.05898668,-118.4432784,0.089395197
1210,2/12/2014 8:48,34.05898668,-118.4432768,0.068416257
1211,2/12/2014 8:48,34.05898668,-118.4432768,0.082249378
1212,2/12/2014 8:48,34.05898501,-118.4432768,0.116608706
1213,2/12/2014 8:48,34.05898501,-118.4432768,0.055000787
1214,2/12/2014 8:48,34.05898501,-118.4432768,0.074891984
1215,2/12/2014 8:48,34.05898501,-118.4432784,0.06317023
1216,2/12/2014 8:48,34.05898501,-118.4432784,0.083619257
1217,2/12/2014 8:48,34.05898835,-118.4432768,0.098192717
1218,2/12/2014 8:48,34.05899001,-118.4432751,0.075613152
1219,2/12/2014 8:48,34.05899335,-118.4432734,0.078675065
1220,2/12/2014 8:48,34.05899501,-118.4432718,0.079454487
1221,2/12/2014 8:48,34.05899668,-118.4432684,0.09418779
1222,2/12/2014 8:48,34.05900001,-118.4432651,0.073501879
1223,2/12/2014 8:48,34.05900335,-118.4432618,0.081302944
1224,2/12/2014 8:48,34.05900501,-118.4432601,0.063135015
1225,2/12/2014 8:48,34.05900835,-118.4432568,0.082275083
1226,2/12/2014 8:48,34.05901001,-118.4432568,0.083305381
1227,2/12/2014 8:48,34.05901168,-118.4432551,0.047112332
1228,2/12/2014 8:48,34.05901168,-118.4432534,0.046419878
1229,2/12/2014 8:48,34.05901335,-118.4432534,0.102354222
1230,2/12/2014 8:48,34.05901501,-118.4432518,0.058603582
1231,2/12/2014 8:48,34.05901668,-118.4432501,0.042307456
1232,2/12/2014 8:48,34.05901668,-118.4432484,0.085374188
1233,2/12/2014 8:48,34.05901835,-118.4432468,0.079982094
1234,2/12/2014 8:48,34.05902001,-118.4432434,0.061701163
1235,2/12/2014 8:48,34.05902168,-118.4432418,0.092595243
1236,2/12/2014 8:48,34.05902168,-118.4432418,0.088502537
1237,2/12/2014 8:48,34.05902335,-118.4432401,0.067440556
1238,2/12/2014 8:48,34.05902335,-118.4432401,0.073731434
1239,2/12/2014 8:48,34.05902501,-118.4432401,0.08312224
1240,2/12/2014 8:48,34.05902501,-118.4432401,0.086662574
1241,2/12/2014 8:48,34.05902501,-118.4432401,0.074535691
1242,2/12/2014 8:48,34.05902501,-118.4432418,0.068032564
1243,2/12/2014 8:48,34.05902501,-118.4432418,0.092905887
1244,2/12/2014 8:48,34.05902501,-118.4432401,0.092780305
1245,2/12/2014 8:49,34.05902501,-118.4432418,0.083274902
1246,2/12/2014 8:49,34.05902335,-118.4432418,0.063547902
1247,2/12/2014 8:49,34.05902168,-118.4432434,0.057519645
1248,2/12/2014 8:49,34.05902168,-118.4432468,0.130627748
1249,2/12/2014 8:49,34.05902168,-118.4432451,0.074864766
1250,2/12/2014 8:49,34.05902168,-118.4432434,0.051419084
1251,2/12/2014 8:49,34.05902335,-118.4432418,0.086468662
1252,2/12/2014 8:49,34.05902335,-118.4432318,0.061901184
1253,2/12/2014 8:49,34.05902668,-118.4432118,0.129132233
1254,2/12/2014 8:49,34.05903835,-118.4431901,0.063991389
1255,2/12/2014 8:49,34.05905501,-118.4431568,0.099333608
1256,2/12/2014 8:49,34.05911001,-118.4431151,0.116043396
1257,2/12/2014 8:49,34.05916835,-118.4430984,0.094943719
1258,2/12/2014 8:49,34.05917168,-118.4431184,0.138618529
1259,2/12/2014 8:49,34.05921668,-118.4431884,0.149513668
1260,2/12/2014 8:49,34.05929668,-118.4432534,0.087199617
1261,2/12/2014 8:49,34.05938168,-118.4433051,0.118809337
1262,2/12/2014 8:49,34.05948501,-118.4433568,0.095260987
1263,2/12/2014 8:49,34.05955335,-118.4434351,0.119785153
1264,2/12/2014 8:49,34.05959835,-118.4434951,0.140605369
1265,2/12/2014 8:49,34.05964668,-118.4435268,0.097037835
1266,2/12/2014 8:49,34.05968168,-118.4435451,0.089086427
1267,2/12/2014 8:49,34.05971501,-118.4435468,0.062186634
1268,2/12/2014 8:49,34.05973335,-118.4435368,0.07735457
1269,2/12/2014 8:49,34.05973501,-118.4435268,0.119434278
1270,2/12/2014 8:49,34.05974001,-118.4435134,0.059739533
1271,2/12/2014 8:49,34.05974335,-118.4435151,0.08262003
1272,2/12/2014 8:49,34.05974335,-118.4435168,0.083692705
1273,2/12/2014 8:49,34.05974335,-118.4435168,0.082105795
1274,2/12/2014 8:49,34.05974335,-118.4435184,0.10084653
1275,2/12/2014 8:49,34.05974335,-118.4435184,0.061248809
1276,2/12/2014 8:49,34.05974335,-118.4435184,0.112712563
1277,2/12/2014 8:49,34.05974335,-118.4435168,0.074392665
1278,2/12/2014 8:49,34.05974501,-118.4435168,0.093466359
1279,2/12/2014 8:49,34.05974501,-118.4435168,0.081496918
1280,2/12/2014 8:49,34.05974501,-118.4435168,0.073677604
1281,2/12/2014 8:49,34.05974501,-118.4435151,0.124772568
1282,2/12/2014 8:49,34.05974501,-118.4435151,0.115057184
1283,2/12/2014 8:49,34.05974501,-118.4435168,0.094564428
1284,2/12/2014 8:49,34.05974501,-118.4435184,0.077330358
1285,2/12/2014 8:49,34.05974668,-118.4435184,0.050154953
1286,2/12/2014 8:49,34.05974668,-118.4435168,0.066126692
1287,2/12/2014 8:49,34.05974668,-118.4435134,0.111858382
1288,2/12/2014 8:49,34.05975001,-118.4435084,0.060346049
1289,2/12/2014 8:49,34.05975168,-118.4434984,0.082011093
1290,2/12/2014 8:49,34.05984335,-118.4434601,0.059329447
1291,2/12/2014 8:49,34.05988668,-118.4433051,0.07608259
1292,2/12/2014 8:49,34.05991668,-118.4431351,0.084560087
1293,2/12/2014 8:49,34.05993835,-118.4429501,0.078038194
1294,2/12/2014 8:49,34.06001335,-118.4427918,0.076059768
1295,2/12/2014 8:49,34.06007001,-118.4426334,0.088610343
1296,2/12/2014 8:49,34.06013001,-118.4424768,0.071782876
1297,2/12/2014 8:49,34.06020835,-118.4423268,0.073807675
1298,2/12/2014 8:49,34.06028668,-118.4421851,0.05716394
1299,2/12/2014 8:49,34.06038168,-118.4420568,0.049644118
1300,2/12/2014 8:49,34.06048835,-118.4419501,0.055544625
1301,2/12/2014 8:49,34.06060168,-118.4418601,0.079187817
1302,2/12/2014 8:49,34.06071835,-118.4417884,0.062822979
1303,2/12/2014 8:49,34.06084168,-118.4417334,0.070716864
1304,2/12/2014 8:49,34.06097335,-118.4416934,0.086267217
1305,2/12/2014 8:50,34.06111501,-118.4416734,0.058076108
1306,2/12/2014 8:50,34.06124835,-118.4416551,0.041655476
1307,2/12/2014 8:50,34.06137835,-118.4416351,0.057240038
1308,2/12/2014 8:50,34.06150835,-118.4416218,0.043671224
1309,2/12/2014 8:50,34.06163501,-118.4416101,0.106075428
1310,2/12/2014 8:50,34.06175335,-118.4415968,0.072709171
1311,2/12/2014 8:50,34.06186501,-118.4415801,0.044611805
1312,2/12/2014 8:50,34.06196501,-118.4415634,0.0522609
1313,2/12/2014 8:50,34.06205668,-118.4415468,0.103012536
1314,2/12/2014 8:50,34.06213001,-118.4415284,0.074085643
1315,2/12/2014 8:50,34.06218835,-118.4415184,0.045261943
1316,2/12/2014 8:50,34.06224668,-118.4414968,0.05970361
1317,2/12/2014 8:50,34.06228001,-118.4414868,0.093784736
1318,2/12/2014 8:50,34.06230668,-118.4414818,0.082179797
1319,2/12/2014 8:50,34.06232335,-118.4414734,0.053158342
1320,2/12/2014 8:50,34.06235168,-118.4414918,0.076079446
1321,2/12/2014 8:50,34.06237001,-118.4415034,0.065190415
1322,2/12/2014 8:50,34.06238335,-118.4415168,0.062852439
1323,2/12/2014 8:50,34.06238668,-118.4415284,0.036845189
1324,2/12/2014 8:50,34.06238668,-118.4415301,0.105073909
1325,2/12/2014 8:50,34.06238668,-118.4415318,0.052961631
1326,2/12/2014 8:50,34.06238835,-118.4415318,0.094883967
1327,2/12/2014 8:50,34.06239501,-118.4415318,0.075335732
1328,2/12/2014 8:50,34.06241668,-118.4415318,0.090308114
1329,2/12/2014 8:50,34.06244001,-118.4415418,0.086053503
1330,2/12/2014 8:50,34.06246835,-118.4415451,0.094706644
1331,2/12/2014 8:50,34.06250501,-118.4415551,0.094093034
1332,2/12/2014 8:50,34.06254835,-118.4415601,0.063563208
1333,2/12/2014 8:50,34.06261835,-118.4415518,0.05855411
1334,2/12/2014 8:50,34.06270001,-118.4415384,0.091282993
1335,2/12/2014 8:50,34.06279001,-118.4415201,0.038992903
1336,2/12/2014 8:50,34.06287168,-118.4415118,0.08629693
1337,2/12/2014 8:50,34.06296168,-118.4415001,0.060589496
1338,2/12/2014 8:50,34.06306168,-118.4414734,0.075664749
1339,2/12/2014 8:50,34.06314668,-118.4414534,0.064779978
1340,2/12/2014 8:50,34.06323168,-118.4414251,0.072439094
